'SSet','eef','4049','','cij','4096','','','4132','X1042'
'SSet','gjg','4062','','hef','4116','','','4133','X1043'
'SSet','fdc','4054','','iab','4118','','','4134','X1044'
'SSet','gce','4058','','fhe','4109','','','4135','X1045'
'SSet','efc','4051','','jjj','4131','','','4136','X1046'
'SSet','hbi','4063','','idb','4121','','','4137','X1047'
'SSet','gac','4057','','ehe','4107','','','4138','X1048'
'SSet','aac','4032','','jje','4130','','','4139','X1049'
'SSet','iic','4074','','hed','4115','','','4140','X1050'
'SSet','edi','4048','','ahc','4087','','','4141','X1051'
'SSet','ihd','4073','','ccg','4091','','','4142','X1052'
'SSet','dch','4043','','icb','4119','','','4143','X1053'
'SSet','fjb','4056','','dhh','4102','','','4144','X1054'
'SSet','jej','4078','','egf','4105','','','4145','X1055'
'SSet','hgd','4066','','ieg','4122','','','4146','X1056'
'SSet','eae','4045','','ijb','4126','','','4147','X1057'
'SSet','eca','4046','','agd','4086','','','4148','X1058'
'SSet','ibh','4070','','jff','4127','','','4149','X1059'
'SSet','abb','4034','','hah','4113','','','4150','X1060'
'SSet','hhd','4067','','cgd','4094','','','4151','X1061'
'SSet','icd','4071','','ddg','4100','','','4152','X1062'
'SSet','ecc','4047','','dhd','4101','','','4153','X1063'
'SSet','hfj','4065','','ddc','4098','','','4154','X1064'
'SSet','hfc','4064','','aag','4082','','','4155','X1065'
'SSet','fah','4053','','cdi','4093','','','4156','X1066'
'SSet','jgi','4081','','abh','4083','','','4157','X1067'
'SSet','igg','4072','','gia','4112','','','4158','X1068'
'SSet','jfi','4079','','cha','4095','','','4159','X1069'
'SSet','ghi','4060','','dde','4099','','','4160','X1070'
'SSet','jdf','4077','','ihi','4124','','','4161','X1071'
'SSet','jaa','4075','','ecg','4104','','','4162','X1072'
'SSet','ead','4044','','bda','4089','','','4163','X1073'
'SSet','ajc','4036','','hjb','4117','','','4164','X1074'
'SSet','feh','4055','','djf','4103','','','4165','X1075'
'SSet','cia','4041','','ihj','4125','','','4166','X1076'
'SSet','dca','4042','','jii','4129','','','4167','X1077'
'SSet','aah','4033','','igi','4123','','','4168','X1078'
'SSet','jgc','4080','','jif','4128','','','4169','X1079'
'SSet','efb','4050','','egi','4106','','','4170','X1080'
'SSet','ibd','4069','','afe','4085','','','4171','X1081'
'SSet','bcd','4038','','gbj','4110','','','4172','X1082'
'SSet','ahf','4035','','bce','4088','','','4173','X1083'
'SSet','ejj','4052','','cdc','4092','','','4174','X1084'
'SSet','bia','4040','','hcd','4114','','','4175','X1085'
'SSet','hhh','4068','','ehf','4108','','','4176','X1086'
'SSet','jcj','4076','','bde','4090','','','4177','X1087'
'SSet','aje','4037','','icj','4120','','','4178','X1088'
'SSet','beh','4039','','gcg','4111','','','4179','X1089'
'SSet','gde','4059','','aeb','4084','','','4180','X1090'
'SSet','gic','4061','','cjd','4097','','','4181','X1091'
'SSet','hjc','4216','','','4232','Y1042','','4132','X1042'
'SSet','ibb','4218','','','4233','Y1043','','4133','X1043'
'SSet','cdf','4189','','','4234','Y1044','','4134','X1044'
'SSet','jae','4226','','','4235','Y1045','','4135','X1045'
'SSet','cjb','4195','','','4236','Y1046','','4136','X1046'
'SSet','bjf','4186','','','4237','Y1047','','4137','X1047'
'SSet','dgh','4197','','','4238','Y1048','','4138','X1048'
'SSet','jbj','4228','','','4239','Y1049','','4139','X1049'
'SSet','ija','4225','','','4240','Y1050','','4140','X1050'
'SSet','gie','4209','','','4241','Y1051','','4141','X1051'
'SSet','dcb','4196','','','4242','Y1052','','4142','X1052'
'SSet','age','4182','','','4243','Y1053','','4143','X1053'
'SSet','cgh','4193','','','4244','Y1054','','4144','X1054'
'SSet','jgj','4229','','','4245','Y1055','','4145','X1055'
'SSet','jhh','4230','','','4246','Y1056','','4146','X1056'
'SSet','gcc','4203','','','4247','Y1057','','4147','X1057'
'SSet','ghf','4207','','','4248','Y1058','','4148','X1058'
'SSet','gfi','4206','','','4249','Y1059','','4149','X1059'
'SSet','gah','4202','','','4250','Y1060','','4150','X1060'
'SSet','jbd','4227','','','4251','Y1061','','4151','X1061'
'SSet','ffg','4199','','','4252','Y1062','','4152','X1062'
'SSet','cae','4187','','','4253','Y1063','','4153','X1063'
'SSet','gdj','4205','','','4254','Y1064','','4154','X1064'
'SSet','hai','4210','','','4255','Y1065','','4155','X1065'
'SSet','fjg','4201','','','4256','Y1066','','4156','X1066'
'SSet','eih','4198','','','4257','Y1067','','4157','X1067'
'SSet','cfd','4191','','','4258','Y1068','','4158','X1068'
'SSet','hhb','4215','','','4259','Y1069','','4159','X1069'
'SSet','chh','4194','','','4260','Y1070','','4160','X1070'
'SSet','jig','4231','','','4261','Y1071','','4161','X1071'
'SSet','iah','4217','','','4262','Y1072','','4162','X1072'
'SSet','igf','4222','','','4263','Y1073','','4163','X1073'
'SSet','cbe','4188','','','4264','Y1074','','4164','X1074'
'SSet','hgg','4214','','','4265','Y1075','','4165','X1075'
'SSet','hej','4213','','','4266','Y1076','','4166','X1076'
'SSet','ida','4219','','','4267','Y1077','','4167','X1077'
'SSet','hbb','4211','','','4268','Y1078','','4168','X1078'
'SSet','fja','4200','','','4269','Y1079','','4169','X1079'
'SSet','cec','4190','','','4270','Y1080','','4170','X1080'
'SSet','ihf','4223','','','4271','Y1081','','4171','X1081'
'SSet','gdf','4204','','','4272','Y1082','','4172','X1082'
'SSet','iia','4224','','','4273','Y1083','','4173','X1083'
'SSet','bbe','4184','','','4274','Y1084','','4174','X1084'
'SSet','cfe','4192','','','4275','Y1085','','4175','X1085'
'SSet','hbj','4212','','','4276','Y1086','','4176','X1086'
'SSet','ghh','4208','','','4277','Y1087','','4177','X1087'
'SSet','ifi','4221','','','4278','Y1088','','4178','X1088'
'SSet','bhe','4185','','','4279','Y1089','','4179','X1089'
'SSet','baj','4183','','','4280','Y1090','','4180','X1090'
'SSet','ief','4220','','','4281','Y1091','','4181','X1091'
'SSet','hdd','4290','','hbe','4301','','','4304','X1092'
'SSet','aje','4037','','icj','4120','','','4305','X1093'
'SSet','gag','4289','','cge','4298','','','4306','X1094'
'SSet','aac','4032','','jje','4130','','','4308','X1096'
'SSet','eed','4288','','gfj','4300','','','4310','X1098'
'SSet','ecc','4047','','dhd','4101','','','4311','X1099'
'SSet','efc','4051','','jjj','4131','','','4313','X1101'
'SSet','hia','4291','','ahi','4294','','','4314','X1102'
'SSet','deg','4286','','ccf','4297','','','4316','X1104'
'SSet','jgc','4080','','jif','4128','','','4317','X1105'
'SSet','gjg','4062','','hef','4116','','','4319','X1107'
'SSet','cac','4285','','fbc','4299','','','4321','X1109'
'SSet','hbi','4063','','idb','4121','','','4322','X1110'
'SSet','gac','4057','','ehe','4107','','','4324','X1112'
'SSet','icd','4071','','ddg','4100','','','4325','X1113'
'SSet','bge','4283','','agh','4293','','','4326','X1114'
'SSet','gde','4059','','aeb','4084','','','4327','X1115'
'SSet','edi','4048','','ahc','4087','','','4328','X1116'
'SSet','ihd','4073','','ccg','4091','','','4329','X1117'
'SSet','ije','4292','','jag','4303','','','4330','X1118'
'SSet','ecj','4287','','bhf','4296','','','4332','X1120'
'SSet','bcd','4038','','gbj','4110','','','4333','X1121'
'SSet','bfe','4282','','iag','4302','','','4334','X1122'
'SSet','bhi','4284','','bac','4295','','','4337','X1125'
'SSet','ibh','4070','','jff','4127','','','4338','X1126'
'SSet','hfj','4065','','ddc','4098','','','4339','X1127'
'SSet','hfc','4064','','aag','4082','','','4340','X1128'
'SSet','fah','4053','','cdi','4093','','','4341','X1129'
'SSet','jgi','4081','','abh','4083','','','4342','X1130'
'SSet','igg','4072','','gia','4112','','','4343','X1131'
'SSet','jfi','4079','','cha','4095','','','4344','X1132'
'SSet','ghi','4060','','dde','4099','','','4345','X1133'
'SSet','jdf','4077','','ihi','4124','','','4346','X1134'
'SSet','jaa','4075','','ecg','4104','','','4347','X1135'
'SSet','ead','4044','','bda','4089','','','4348','X1136'
'SSet','ajc','4036','','hjb','4117','','','4349','X1137'
'SSet','feh','4055','','djf','4103','','','4350','X1138'
'SSet','cia','4041','','ihj','4125','','','4351','X1139'
'SSet','dca','4042','','jii','4129','','','4352','X1140'
'SSet','aah','4033','','igi','4123','','','4353','X1141'
'SSet','','4354','Y1092','jjb','4443','','','4304','X1092'
'SSet','','4355','Y1093','ifi','4437','','','4305','X1093'
'SSet','','4356','Y1094','ggc','4424','','','4306','X1094'
'SSet','','4358','Y1096','jbj','4440','','','4308','X1096'
'SSet','','4360','Y1098','chf','4410','','','4310','X1098'
'SSet','','4361','Y1099','cae','4406','','','4311','X1099'
'SSet','','4363','Y1101','cjb','4412','','','4313','X1101'
'SSet','','4364','Y1102','hha','4432','','','4314','X1102'
'SSet','','4366','Y1104','gih','4426','','','4316','X1104'
'SSet','','4367','Y1105','fja','4418','','','4317','X1105'
'SSet','','4369','Y1107','ibb','4435','','','4319','X1107'
'SSet','','4371','Y1109','eci','4415','','','4321','X1109'
'SSet','','4372','Y1110','bjf','4405','','','4322','X1110'
'SSet','','4374','Y1112','dgh','4414','','','4324','X1112'
'SSet','','4375','Y1113','ffg','4417','','','4325','X1113'
'SSet','','4376','Y1114','cfa','4408','','','4326','X1114'
'SSet','','4377','Y1115','baj','4404','','','4327','X1115'
'SSet','','4378','Y1116','gie','4425','','','4328','X1116'
'SSet','','4379','Y1117','dcb','4413','','','4329','X1117'
'SSet','','4380','Y1118','hee','4429','','','4330','X1118'
'SSet','','4382','Y1120','gai','4420','','','4332','X1120'
'SSet','','4383','Y1121','gdf','4421','','','4333','X1121'
'SSet','','4384','Y1122','jeb','4441','','','4334','X1122'
'SSet','','4387','Y1125','jbc','4439','','','4337','X1125'
'SSet','','4388','Y1126','gfi','4423','','','4338','X1126'
'SSet','','4389','Y1127','gdj','4422','','','4339','X1127'
'SSet','','4390','Y1128','hai','4427','','','4340','X1128'
'SSet','','4391','Y1129','fjg','4419','','','4341','X1129'
'SSet','','4392','Y1130','eih','4416','','','4342','X1130'
'SSet','','4393','Y1131','cfd','4409','','','4343','X1131'
'SSet','','4394','Y1132','hhb','4433','','','4344','X1132'
'SSet','','4395','Y1133','chh','4411','','','4345','X1133'
'SSet','','4396','Y1134','jig','4442','','','4346','X1134'
'SSet','','4397','Y1135','iah','4434','','','4347','X1135'
'SSet','','4398','Y1136','igf','4438','','','4348','X1136'
'SSet','','4399','Y1137','cbe','4407','','','4349','X1137'
'SSet','','4400','Y1138','hgg','4431','','','4350','X1138'
'SSet','','4401','Y1139','hej','4430','','','4351','X1139'
'SSet','','4402','Y1140','ida','4436','','','4352','X1140'
'SSet','','4403','Y1141','hbb','4428','','','4353','X1141'
