'SSet','a','2994','','c','2971','','b','3020',''
'SSet','d','2997','','c','2971','','d','3022',''
'SSet','d','2997','','b','2970','','c','3021',''
'SSet','d','2997','','a','2969','','c','3021',''
'SSet','d','2997','','d','2972','','c','3021',''
'SSet','c','2996','','a','2969','','d','3022',''
'SSet','a','2994','','d','2972','','c','3021',''
'SSet','c','2996','','b','2970','','c','3021',''
'SSet','c','2996','','d','2972','','c','3021',''
'SSet','c','2996','','d','2972','','d','3022',''
'SSet','a','2994','','d','2972','','a','3019',''
'SSet','d','2997','','c','2971','','a','3019',''
'SSet','a','2994','','d','2972','','b','3020',''
'SSet','c','2996','','c','2971','','d','3022',''
'SSet','b','2995','','b','2970','','d','3022',''
'SSet','a','2994','','d','2972','','d','3022',''
'SSet','a','2994','','a','2969','','b','3020',''
'SSet','c','2996','','d','2972','','a','3019',''
'SSet','b','2995','','c','2971','','a','3019',''
'SSet','d','2997','','a','2969','','b','3020',''
'SSet','c','2996','','c','2971','','c','3021',''
'SSet','c','2996','','d','2972','','b','3020',''
'SSet','d','2997','','a','2969','','a','3019',''
'SSet','b','2995','','b','2970','','c','3021',''
'SSet','c','2996','','a','2969','','c','3021',''
'SSet','a','2994','','a','2969','','c','3021',''
'SSet','b','2995','','c','2971','','b','3020',''
'SSet','b','2995','','c','2971','','c','3021',''
'SSet','c','2996','','b','2970','','d','3022',''
'SSet','b','2995','','b','2970','','b','3020',''
'SSet','a','2994','','c','2971','','a','3019',''
'SSet','d','2997','','b','2970','','a','3019',''
'SSet','a','2994','','c','2971','','c','3021',''
'SSet','b','2995','','b','2970','','a','3019',''
'SSet','b','2995','','a','2969','','a','3019',''
'SSet','d','2997','','d','2972','','b','3020',''
'SSet','a','2994','','b','2970','','b','3020',''
'SSet','d','2997','','a','2969','','d','3022',''
'SSet','a','2994','','b','2970','','a','3019',''
'SSet','b','2995','','d','2972','','c','3021',''
'SSet','b','2995','','d','2972','','b','3020',''
'SSet','d','2997','','c','2971','','c','3021',''
'SSet','a','2994','','a','2969','','d','3022',''
