'SSet','c','42','','c','44','','','50','X19'
'SSet','b','41','','b','43','','','46','X110'
'SSet','c','42','','b','43','','','47','X111'
'SSet','c','42','','d','45','','','48','X112'
'SSet','a','40','','d','45','','','49','X113'
'SSet','d','51','','','53','X26','','46','X110'
'SSet','d','51','','','54','X27','','47','X111'
'SSet','a','40','','','55','X28','','48','X112'
'SSet','d','51','','a','62','','','63','X114'
'SSet','c','42','','b','43','','','64','X115'
'SSet','b','41','','d','45','','','67','X118'
'SSet','a','40','','a','62','','a','68',''
'SSet','b','41','','b','43','','b','71',''
'SSet','c','42','','c','44','','c','69',''
'SSet','d','51','','d','45','','d','70',''
'SSet','a','40','','b','43','','c','69',''
'WSet','','50','X19','c','42','','','57','X35'
'WSet','','46','X110','b','41','','','58','X36'
'WSet','','47','X111','c','42','','','59','X37'
'WSet','','48','X112','c','42','','','60','X38'
'WSet','','49','X113','a','40','','','61','X39'
'WSet','','63','X114','d','51','','a','62',''
'WSet','','64','X115','c','42','','b','43',''
'WSet','','67','X118','b','41','','d','45',''
'WSet','d','70','','d','51','','d','45',''
'WSet','a','68','','b','41','','c','44',''
'WSet','d','70','','c','42','','b','43',''
'WSet','a','68','','b','41','','a','62',''
'WSet','c','69','','d','51','','c','44',''
