'R_Set','a0','22','','b0','28',''
'R_Set','a1','23','','b1','29',''
'R_Set','a2','24','','b2','30',''
'R_Set','a3','25','','b0','28',''
'R_Set','a5','27','','b5','32',''
'R_Set','a4','26','','b4','31',''
'R_Set','a5','27','','','55','X6'
'S_Set','b0','28','','c0','33',''
'S_Set','b1','29','','c1','34',''
'S_Set','b5','32','','c5','35',''
'S_Set','b0','28','','c1','34',''
'S_Set','b2','30','','','62','Y11'
'S_Set','','55','X6','','57','Y8'
'S_Set','b4','31','','','65','Y14'
'S_Set','b1','29','','','61','Y10'
'S_Set','b1','29','','','63','Y12'
'T_Set','c0','33','','d0','37','','','39','C2'
'T_Set','c4','36','','d4','38','','','40','C3'
'T_Set','c0','33','','d4','38','','','41','C4'
'T_Set','c1','34','','d4','38','','','42','C5'
'T_Set','','62','Y11','d2','50','','e2','67',''
'T_Set','c1','34','','d1','49','','e2','67',''
'T_Set','c5','35','','d5','51','','e5','69',''
'T_Set','','57','Y8','d4','38','','','59','Z6'
'T_Set','','65','Y14','d4','38','','e4','68',''
'T_Set','','61','Y10','d1','49','','e1','66',''
'T_Set','','63','Y12','d2','50','','e1','66',''
'T_Set','c0','33','','d1','49','','e2','67',''
