'sourcegeneset','5324','208','','primary','216','','wit again d','265',''
'sourcegeneset','57','210','','primary','216','','tears claim fated ','256',''
'sourcegeneset','270','185','','primary','216','','fighting toe bui','228',''
'sourcegeneset','1074','167','','primary','216','','virtue tax masterly n','261',''
'sourcegeneset','4787','205','','primary','216','','cli','221',''
'sourcegeneset','3888','195','','primary','216','','show add college tuft r','255',''
'sourcegeneset','4709','204','','primary','216','','limits thanks ','234',''
'sourcegeneset','1552','171','','primary','216','','reignier woman ea','247',''
'sourcegeneset','1932','176','','primary','216','','cage name rem','219',''
'sourcegeneset','4620','203','','primary','216','','looks ','236',''
'sourcegeneset','65','211','','primary','216','','prai','242',''
'sourcegeneset','2770','187','','primary','216','','sense love','252',''
'sourcegeneset','1395','169','','primary','216','','dr','223',''
'sourcegeneset','490','206','','primary','216','','equal moans feast','225',''
'sourcegeneset','4089','197','','primary','216','','preventions l','244',''
'sourcegeneset','1442','170','','primary','216','','fare upo','227',''
'sourcegeneset','4180','200','','primary','216','','proculei','245',''
'sourcegeneset','925','214','','primary','216','','heir manners gain','229',''
'sourcegeneset','334','190','','primary','216','','oxford like boldly ','240',''
'sourcegeneset','2645','184','','primary','216','','season disposition tie','250',''
'sourcegeneset','3386','191','','primary','216','','ratcliff reserva','246',''
'sourcegeneset','1963','178','','primary','216','','little master aid ','235',''
'sourcegeneset','2179','181','','primary','216','','text unhallowed strew','257',''
'sourcegeneset','4187','201','','primary','216','','kingdom ca','231',''
'sourcegeneset','1022','166','','primary','216','','join him enlarge j','230',''
'sourcegeneset','1572','173','','primary','216','','f','226',''
'sourcegeneset','3604','192','','primary','216','','scruple beas','249',''
'sourcegeneset','3628','193','','primary','216','','know polonius grecian','232',''
'sourcegeneset','949','215','','primary','216','','among unnat','217',''
'sourcegeneset','3866','194','','primary','216','','sentence resemble','254',''
'sourcegeneset','4167','199','','primary','216','','cordia','222',''
'sourcegeneset','1117','168','','primary','216','','saw nose scald en','248',''
'sourcegeneset','1785','174','','primary','216','','seen cour','251',''
'sourcegeneset','757','213','','primary','216','','their reason royal enf','259',''
'sourcegeneset','1934','177','','primary','216','','whether woman french ','264',''
'sourcegeneset','3905','196','','primary','216','','majesty i','237',''
'sourcegeneset','2116','180','','primary','216','','valiant reve','260',''
'sourcegeneset','2383','183','','primary','216','','prevent','243',''
'sourcegeneset','1567','172','','primary','216','','peer going grief falsel','241',''
'sourcegeneset','3161','189','','primary','216','','drum death hunt attorne','224',''
'sourcegeneset','2292','182','','primary','216','','laughing quittance gone','233',''
'sourcegeneset','4506','202','','primary','216','','weather knig','263',''
'sourcegeneset','677','212','','primary','216','','sense place wear friend ','253',''
'sourcegeneset','1884','175','','primary','216','','beneath m','218',''
'sourcegeneset','5336','209','','primary','216','','mou','238',''
'sourcegeneset','2015','179','','primary','216','','thank capt possible enfo','258',''
'sourcegeneset','2757','186','','primary','216','','churlish ','220',''
'sourcegeneset','4112','198','','primary','216','','wa','262',''
'sourcegeneset','5035','207','','primary','216','','naked modo tre','239',''
'sourcegeneset','2803','188','','primary','216','','wronged','266',''
'sourcegeneset','chains weak wast ro','267','','','272','N05','prevent','243',''
'sourcegeneset','return beams unknown ','269','','','273','N06','prevent','243',''
'sourcegeneset','sword serpents','271','','','274','N07','prevent','243',''
'sourcegeneset','sciatica knots obs','270','','','275','N08','laughing quittance gone','233',''
'sourcegeneset','pulpit into whip guides ','268','','','276','N09','wa','262',''