'SSet','','1769','Y166','cij','1833','','','1869','X493'
'SSet','','1770','Y167','hef','1853','','','1870','X494'
'SSet','','1771','Y168','iab','1855','','','1871','X495'
'SSet','','1772','Y169','fhe','1846','','','1872','X496'
'SSet','','1773','Y170','jjj','1868','','','1873','X497'
'SSet','','1774','Y171','idb','1858','','','1874','X498'
'SSet','','1775','Y172','ehe','1844','','','1875','X499'
'SSet','','1776','Y173','jje','1867','','','1876','X500'
'SSet','','1777','Y174','hed','1852','','','1877','X501'
'SSet','','1778','Y175','ahc','1824','','','1878','X502'
'SSet','','1779','Y176','ccg','1828','','','1879','X503'
'SSet','','1780','Y177','icb','1856','','','1880','X504'
'SSet','','1781','Y178','dhh','1839','','','1881','X505'
'SSet','','1782','Y179','egf','1842','','','1882','X506'
'SSet','','1783','Y180','ieg','1859','','','1883','X507'
'SSet','','1784','Y181','ijb','1863','','','1884','X508'
'SSet','','1785','Y182','agd','1823','','','1885','X509'
'SSet','','1786','Y183','jff','1864','','','1886','X510'
'SSet','','1787','Y184','hah','1850','','','1887','X511'
'SSet','','1788','Y185','cgd','1831','','','1888','X512'
'SSet','','1789','Y186','ddg','1837','','','1889','X513'
'SSet','','1790','Y187','dhd','1838','','','1890','X514'
'SSet','','1791','Y188','ddc','1835','','','1891','X515'
'SSet','','1792','Y189','aag','1819','','','1892','X516'
'SSet','','1793','Y190','cdi','1830','','','1893','X517'
'SSet','','1794','Y191','abh','1820','','','1894','X518'
'SSet','','1795','Y192','gia','1849','','','1895','X519'
'SSet','','1796','Y193','cha','1832','','','1896','X520'
'SSet','','1797','Y194','dde','1836','','','1897','X521'
'SSet','','1798','Y195','ihi','1861','','','1898','X522'
'SSet','','1799','Y196','ecg','1841','','','1899','X523'
'SSet','','1800','Y197','bda','1826','','','1900','X524'
'SSet','','1801','Y198','hjb','1854','','','1901','X525'
'SSet','','1802','Y199','djf','1840','','','1902','X526'
'SSet','','1803','Y200','ihj','1862','','','1903','X527'
'SSet','','1804','Y201','jii','1866','','','1904','X528'
'SSet','','1805','Y202','igi','1860','','','1905','X529'
'SSet','','1806','Y203','jif','1865','','','1906','X530'
'SSet','','1807','Y204','egi','1843','','','1907','X531'
'SSet','','1808','Y205','afe','1822','','','1908','X532'
'SSet','','1809','Y206','gbj','1847','','','1909','X533'
'SSet','','1810','Y207','bce','1825','','','1910','X534'
'SSet','','1811','Y208','cdc','1829','','','1911','X535'
'SSet','','1812','Y209','hcd','1851','','','1912','X536'
'SSet','','1813','Y210','ehf','1845','','','1913','X537'
'SSet','','1814','Y211','bde','1827','','','1914','X538'
'SSet','','1815','Y212','icj','1857','','','1915','X539'
'SSet','','1816','Y213','gcg','1848','','','1916','X540'
'SSet','','1817','Y214','aeb','1821','','','1917','X541'
'SSet','','1818','Y215','cjd','1834','','','1918','X542'
'SSet','hjc','1953','','','1969','Z166','','1869','X493'
'SSet','ibb','1955','','','1970','Z167','','1870','X494'
'SSet','cdf','1926','','','1971','Z168','','1871','X495'
'SSet','jae','1963','','','1972','Z169','','1872','X496'
'SSet','cjb','1932','','','1973','Z170','','1873','X497'
'SSet','bjf','1923','','','1974','Z171','','1874','X498'
'SSet','dgh','1934','','','1975','Z172','','1875','X499'
'SSet','jbj','1965','','','1976','Z173','','1876','X500'
'SSet','ija','1962','','','1977','Z174','','1877','X501'
'SSet','gie','1946','','','1978','Z175','','1878','X502'
'SSet','dcb','1933','','','1979','Z176','','1879','X503'
'SSet','age','1919','','','1980','Z177','','1880','X504'
'SSet','cgh','1930','','','1981','Z178','','1881','X505'
'SSet','jgj','1966','','','1982','Z179','','1882','X506'
'SSet','jhh','1967','','','1983','Z180','','1883','X507'
'SSet','gcc','1940','','','1984','Z181','','1884','X508'
'SSet','ghf','1944','','','1985','Z182','','1885','X509'
'SSet','gfi','1943','','','1986','Z183','','1886','X510'
'SSet','gah','1939','','','1987','Z184','','1887','X511'
'SSet','jbd','1964','','','1988','Z185','','1888','X512'
'SSet','ffg','1936','','','1989','Z186','','1889','X513'
'SSet','cae','1924','','','1990','Z187','','1890','X514'
'SSet','gdj','1942','','','1991','Z188','','1891','X515'
'SSet','hai','1947','','','1992','Z189','','1892','X516'
'SSet','fjg','1938','','','1993','Z190','','1893','X517'
'SSet','eih','1935','','','1994','Z191','','1894','X518'
'SSet','cfd','1928','','','1995','Z192','','1895','X519'
'SSet','hhb','1952','','','1996','Z193','','1896','X520'
'SSet','chh','1931','','','1997','Z194','','1897','X521'
'SSet','jig','1968','','','1998','Z195','','1898','X522'
'SSet','iah','1954','','','1999','Z196','','1899','X523'
'SSet','igf','1959','','','2000','Z197','','1900','X524'
'SSet','cbe','1925','','','2001','Z198','','1901','X525'
'SSet','hgg','1951','','','2002','Z199','','1902','X526'
'SSet','hej','1950','','','2003','Z200','','1903','X527'
'SSet','ida','1956','','','2004','Z201','','1904','X528'
'SSet','hbb','1948','','','2005','Z202','','1905','X529'
'SSet','fja','1937','','','2006','Z203','','1906','X530'
'SSet','cec','1927','','','2007','Z204','','1907','X531'
'SSet','ihf','1960','','','2008','Z205','','1908','X532'
'SSet','gdf','1941','','','2009','Z206','','1909','X533'
'SSet','iia','1961','','','2010','Z207','','1910','X534'
'SSet','bbe','1921','','','2011','Z208','','1911','X535'
'SSet','cfe','1929','','','2012','Z209','','1912','X536'
'SSet','hbj','1949','','','2013','Z210','','1913','X537'
'SSet','ghh','1945','','','2014','Z211','','1914','X538'
'SSet','ifi','1958','','','2015','Z212','','1915','X539'
'SSet','bhe','1922','','','2016','Z213','','1916','X540'
'SSet','baj','1920','','','2017','Z214','','1917','X541'
'SSet','ief','1957','','','2018','Z215','','1918','X542'
'SSet','hdd','2051','','hbe','2080','','','2083','X543'
'SSet','aje','2024','','icj','1857','','','2084','X544'
'SSet','gag','2045','','cge','2074','','','2085','X545'
'SSet','jdf','2064','','ihi','1861','','','2086','X546'
'SSet','aac','2019','','jje','1867','','','2087','X547'
'SSet','jfi','2066','','cha','1832','','','2088','X548'
'SSet','eed','2039','','gfj','2079','','','2089','X549'
'SSet','ecc','2036','','dhd','1838','','','2090','X550'
'SSet','cia','2031','','ihj','1862','','','2091','X551'
'SSet','efc','2041','','jjj','1868','','','2092','X552'
'SSet','hia','2055','','ahi','2070','','','2093','X553'
'SSet','fah','2042','','cdi','1830','','','2094','X554'
'SSet','deg','2033','','ccf','2073','','','2095','X555'
'SSet','jgc','2067','','jif','1865','','','2096','X556'
'SSet','aah','2020','','igi','1860','','','2097','X557'
'SSet','gjg','2049','','hef','1853','','','2098','X558'
'SSet','hfc','2052','','aag','1819','','','2099','X559'
'SSet','cac','2030','','fbc','2076','','','2100','X560'
'SSet','hbi','2050','','idb','1858','','','2101','X561'
'SSet','ead','2034','','bda','1826','','','2102','X562'
'SSet','gac','2044','','ehe','1844','','','2103','X563'
'SSet','icd','2057','','ddg','1837','','','2104','X564'
'SSet','bge','2028','','agh','2069','','','2105','X565'
'SSet','gde','2046','','aeb','1821','','','2106','X566'
'SSet','edi','2038','','ahc','1824','','','2107','X567'
'SSet','ihd','2059','','ccg','1828','','','2108','X568'
'SSet','ije','2061','','jag','2082','','','2109','X569'
'SSet','igg','2058','','gia','1849','','','2110','X570'
'SSet','ecj','2037','','bhf','2072','','','2111','X571'
'SSet','bcd','2025','','gbj','1847','','','2112','X572'
'SSet','bfe','2027','','iag','2081','','','2113','X573'
'SSet','jgi','2068','','abh','1820','','','2114','X574'
'SSet','feh','2043','','djf','1840','','','2115','X575'
'SSet','bhi','2029','','bac','2071','','','2116','X576'
'SSet','ibh','2056','','jff','1864','','','2117','X577'
'SSet','ahf','2022','','bce','1825','','','2118','X578'
'SSet','eef','2040','','cij','1833','','','2119','X579'
'SSet','jea','2065','','fda','2077','','','2120','X580'
'SSet','ajc','2023','','hjb','1854','','','2121','X581'
'SSet','abb','2021','','hah','1850','','','2122','X582'
'SSet','jaa','2062','','ecg','1841','','','2123','X583'
'SSet','bcj','2026','','fgb','2078','','','2124','X584'
'SSet','ghi','2048','','dde','1836','','','2125','X585'
'SSet','dch','2032','','icb','1856','','','2126','X586'
'SSet','iic','2060','','hed','1852','','','2127','X587'
'SSet','eca','2035','','agd','1823','','','2128','X588'
'SSet','hgd','2054','','ieg','1859','','','2129','X589'
'SSet','jcj','2063','','bde','1827','','','2130','X590'
'SSet','gee','2047','','fae','2075','','','2131','X591'
'SSet','hfj','2053','','ddc','1835','','','2132','X592'
'SSet','jdf','2064','','','2145','X593','jig','2242',''
'SSet','jgi','2068','','','2146','X594','eih','2212',''
'SSet','abb','2021','','','2147','X595','gah','2217',''
'SSet','eca','2035','','','2148','X596','ghf','2221',''
'SSet','gde','2046','','','2149','X597','baj','2195',''
'SSet','cac','2030','','','2150','X598','eci','2211',''
'SSet','ajc','2023','','','2151','X599','cbe','2198',''
'SSet','hbi','2050','','','2152','X600','bjf','2196',''
'SSet','gjg','2049','','','2153','X601','ibb','2232',''
'SSet','icd','2057','','','2154','X602','ffg','2214',''
'SSet','ecc','2036','','','2155','X603','cae','2197',''
'SSet','feh','2043','','','2156','X604','hgg','2227',''
'SSet','hhh','2143','','','2157','X605','hbj','2224',''
'SSet','eid','2138','','','2158','X606','jjd','2244',''
'SSet','iic','2060','','','2159','X607','ija','2236',''
'SSet','gce','2141','','','2160','X608','jae','2237',''
'SSet','efc','2041','','','2161','X609','cjb','2208',''
'SSet','adf','2133','','','2162','X610','fbi','2213',''
'SSet','ahf','2022','','','2163','X611','iia','2235',''
'SSet','bge','2028','','','2164','X612','cfa','2202',''
'SSet','jfi','2066','','','2165','X613','hhb','2229',''
'SSet','ead','2034','','','2166','X614','igf','2234',''
'SSet','bcd','2025','','','2167','X615','gdf','2219',''
'SSet','igg','2058','','','2168','X616','cfd','2203',''
'SSet','jea','2065','','','2169','X617','ebh','2210',''
'SSet','jej','2144','','','2170','X618','jgj','2240',''
'SSet','ecj','2037','','','2171','X619','gai','2218',''
'SSet','cia','2031','','','2172','X620','hej','2226',''
'SSet','bfe','2027','','','2173','X621','jeb','2239',''
'SSet','ghi','2048','','','2174','X622','chh','2207',''
'SSet','hhd','2142','','','2175','X623','jbd','2238',''
'SSet','fah','2042','','','2176','X624','fjg','2216',''
'SSet','hia','2055','','','2177','X625','hha','2228',''
'SSet','hdd','2051','','','2178','X626','jjb','2243',''
'SSet','gag','2045','','','2179','X627','ggc','2220',''
'SSet','agj','2134','','','2180','X628','gjh','2222',''
'SSet','efb','2137','','','2181','X629','cec','2200',''
'SSet','ihd','2059','','','2182','X630','dcb','2209',''
'SSet','dca','2136','','','2183','X631','ida','2233',''
'SSet','jaa','2062','','','2184','X632','iah','2231',''
'SSet','hgd','2054','','','2185','X633','jhh','2241',''
'SSet','eef','2040','','','2186','X634','hjc','2230',''
'SSet','eed','2039','','','2187','X635','chf','2206',''
'SSet','fdc','2139','','','2188','X636','cdf','2199',''
'SSet','bia','2135','','','2189','X637','cfe','2204',''
'SSet','hfc','2052','','','2190','X638','hai','2223',''
'SSet','fjb','2140','','','2191','X639','cgh','2205',''
'SSet','gee','2047','','','2192','X640','ced','2201',''
'SSet','jgc','2067','','','2193','X641','fja','2215',''
'SSet','ije','2061','','','2194','X642','hee','2225',''
