'SSet','','3152','X5595','e','3356','','','3360','X1595','','3252','X2595','b','3353',''
'SSet','','3153','X5596','a','3352','','','3361','X1596','','3253','X2596','f','3357',''
'SSet','','3154','X5597','b','3353','','','3362','X1597','','3254','X2597','a','3352',''
'SSet','','3155','X5598','b','3353','','','3363','X1598','','3255','X2598','f','3357',''
'SSet','','3156','X5599','g','3358','','','3364','X1599','','3256','X2599','c','3354',''
'SSet','','3157','X5600','c','3354','','','3365','X1600','','3257','X2600','a','3352',''
'SSet','','3158','X5601','c','3354','','','3566','X3601','','3466','X4601','f','3357',''
'SSet','c','3662','','d','3355','','d','3355','','','3675','X1702','d','3355',''
'SSet','','3160','X5603','h','3359','','','3368','X1603','','3260','X2603','d','3355',''
'SSet','','3161','X5604','b','3353','','','3369','X1604','','3261','X2604','e','3356',''
'SSet','','3162','X5605','c','3354','','','3570','X3605','','3470','X4605','f','3357',''
'SSet','','3163','X5606','e','3356','','','3571','X3606','','3471','X4606','f','3357',''
'SSet','','3164','X5607','f','3357','','','3572','X3607','','3472','X4607','b','3353',''
'SSet','d','3663','','c','3354','','c','3354','','','3681','X1708','c','3354',''
'SSet','','3166','X5609','d','3355','','','3374','X1609','','3266','X2609','c','3354',''
'SSet','','3167','X5610','d','3355','','','3575','X3610','','3475','X4610','b','3353',''
'SSet','','3168','X5611','a','3352','','','3376','X1611','','3268','X2611','c','3354',''
'SSet','','3169','X5612','a','3352','','','3577','X3612','','3477','X4612','f','3357',''
'SSet','','3170','X5613','f','3357','','','3378','X1613','','3270','X2613','a','3352',''
'SSet','','3171','X5614','a','3352','','','3379','X1614','','3271','X2614','f','3357',''
'SSet','','3172','X5615','f','3357','','','3380','X1615','','3272','X2615','b','3353',''
'SSet','','3173','X5616','g','3358','','','3381','X1616','','3273','X2616','d','3355',''
'SSet','','3174','X5617','f','3357','','','3382','X1617','','3274','X2617','g','3358',''
'SSet','','3175','X5618','f','3357','','','3383','X1618','','3275','X2618','e','3356',''
'SSet','','3176','X5619','d','3355','','','3384','X1619','','3276','X2619','f','3357',''
'SSet','','3177','X5620','c','3354','','','3385','X1620','','3277','X2620','b','3353',''
'SSet','','3178','X5621','c','3354','','','3386','X1621','','3278','X2621','d','3355',''
'SSet','','3179','X5622','f','3357','','','3387','X1622','','3279','X2622','d','3355',''
'SSet','','3180','X5623','e','3356','','','3388','X1623','','3280','X2623','b','3353',''
'SSet','','3181','X5624','f','3357','','','3589','X3624','','3489','X4624','a','3352',''
'SSet','','3182','X5625','f','3357','','','3390','X1625','','3282','X2625','c','3354',''
'SSet','','3183','X5626','e','3356','','','3391','X1626','','3283','X2626','f','3357',''
'SSet','','3184','X5627','a','3352','','','3392','X1627','','3284','X2627','e','3356',''
'SSet','','3185','X5628','c','3354','','','3393','X1628','','3285','X2628','e','3356',''
'SSet','','3186','X5629','b','3353','','','3394','X1629','','3286','X2629','a','3352',''
'SSet','','3187','X5630','d','3355','','','3395','X1630','','3287','X2630','a','3352',''
'SSet','','3225','X5668','b','3353','','','3433','X1668','','3325','X2668','c','3354',''
'SSet','','3189','X5632','h','3359','','','3397','X1632','','3289','X2632','c','3354',''
'SSet','','3190','X5633','c','3354','','','3398','X1633','','3290','X2633','a','3352',''
'SSet','','3191','X5634','e','3356','','','3399','X1634','','3291','X2634','f','3357',''
'SSet','','3192','X5635','b','3353','','','3400','X1635','','3292','X2635','a','3352',''
'SSet','','3193','X5636','e','3356','','','3601','X3636','','3501','X4636','f','3357',''
'SSet','','3194','X5637','b','3353','','','3402','X1637','','3294','X2637','g','3358',''
'SSet','','3195','X5638','e','3356','','','3403','X1638','','3295','X2638','c','3354',''
'SSet','','3196','X5639','f','3357','','','3404','X1639','','3296','X2639','b','3353',''
'SSet','','3197','X5640','a','3352','','','3405','X1640','','3297','X2640','b','3353',''
'SSet','','3198','X5641','d','3355','','','3606','X3641','','3506','X4641','f','3357',''
'SSet','','3199','X5642','b','3353','','','3407','X1642','','3299','X2642','e','3356',''
'SSet','','3200','X5643','h','3359','','','3408','X1643','','3300','X2643','f','3357',''
'SSet','','3201','X5644','f','3357','','','3409','X1644','','3301','X2644','e','3356',''
'SSet','','3202','X5645','a','3352','','','3410','X1645','','3302','X2645','b','3353',''
'SSet','a','3660','','h','3359','','h','3359','','','3719','X1746','h','3359',''
'SSet','','3204','X5647','a','3352','','','3612','X3647','','3512','X4647','f','3357',''
'SSet','','3205','X5648','e','3356','','','3613','X3648','','3513','X4648','c','3354',''
'SSet','','3206','X5649','b','3353','','','3614','X3649','','3514','X4649','c','3354',''
'SSet','c','3662','','c','3354','','c','3354','','','3723','X1750','c','3354',''
'SSet','','3208','X5651','h','3359','','','3416','X1651','','3308','X2651','f','3357',''
'SSet','e','3664','','f','3357','','f','3357','','','3725','X1752','f','3357',''
'SSet','','3210','X5653','e','3356','','','3418','X1653','','3310','X2653','a','3352',''
'SSet','','3211','X5654','h','3359','','','3419','X1654','','3311','X2654','f','3357',''
'SSet','g','3666','','d','3355','','d','3355','','','3728','X1755','d','3355',''
'SSet','','3213','X5656','h','3359','','','3421','X1656','','3313','X2656','b','3353',''
'SSet','','3214','X5657','c','3354','','','3422','X1657','','3314','X2657','b','3353',''
'SSet','b','3661','','e','3356','','e','3356','','','3732','X1759','e','3356',''
'SSet','','3217','X5660','e','3356','','','3425','X1660','','3317','X2660','c','3354',''
'SSet','','3218','X5661','b','3353','','','3626','X3661','','3526','X4661','c','3354',''
'SSet','','3219','X5662','a','3352','','','3427','X1662','','3319','X2662','d','3355',''
'SSet','','3220','X5663','f','3357','','','3428','X1663','','3320','X2663','g','3358',''
'SSet','','3222','X5665','c','3354','','','3430','X1665','','3322','X2665','f','3357',''
'SSet','','3223','X5666','b','3353','','','3431','X1666','','3323','X2666','d','3355',''
'SSet','','3224','X5667','e','3356','','','3432','X1667','','3324','X2667','d','3355',''
'SSet','','3226','X5669','d','3355','','','3434','X1669','','3326','X2669','b','3353',''
'SSet','','3227','X5670','c','3354','','','3435','X1670','','3327','X2670','e','3356',''
'SSet','','3228','X5671','g','3358','','','3436','X1671','','3328','X2671','e','3356',''
'SSet','f','3665','','a','3352','','a','3352','','','3745','X1772','a','3352',''
'SSet','a','3660','','c','3354','','c','3354','','','3746','X1773','c','3354',''
'SSet','','3231','X5674','g','3358','','','3439','X1674','','3331','X2674','a','3352',''
'SSet','','3232','X5675','g','3358','','','3440','X1675','','3332','X2675','f','3357',''
'SSet','','3233','X5676','f','3357','','','3641','X3676','','3541','X4676','d','3355',''
'SSet','','3234','X5677','g','3358','','','3442','X1677','','3334','X2677','e','3356',''
'SSet','','3235','X5678','h','3359','','','3443','X1678','','3335','X2678','d','3355',''
'SSet','','3236','X5679','f','3357','','','3444','X1679','','3336','X2679','b','3353',''
'SSet','','3237','X5680','d','3355','','','3445','X1680','','3337','X2680','h','3359',''
'SSet','','3238','X5681','a','3352','','','3446','X1681','','3338','X2681','e','3356',''
'SSet','','3239','X5682','c','3354','','','3447','X1682','','3339','X2682','a','3352',''
'SSet','','3240','X5683','c','3354','','','3448','X1683','','3340','X2683','d','3355',''
'SSet','d','3663','','a','3352','','a','3352','','','3757','X1784','a','3352',''
'SSet','','3242','X5685','c','3354','','','3650','X3685','','3550','X4685','a','3352',''
'SSet','','3243','X5686','c','3354','','','3451','X1686','','3343','X2686','b','3353',''
'SSet','','3244','X5687','c','3354','','','3452','X1687','','3344','X2687','d','3355',''
'SSet','','3245','X5688','d','3355','','','3453','X1688','','3345','X2688','e','3356',''
'SSet','','3246','X5689','e','3356','','','3454','X1689','','3346','X2689','c','3354',''
'SSet','','3247','X5690','h','3359','','','3455','X1690','','3347','X2690','c','3354',''
'SSet','','3248','X5691','c','3354','','','3456','X1691','','3348','X2691','a','3352',''
'SSet','','3249','X5692','h','3359','','','3457','X1692','','3349','X2692','f','3357',''
'SSet','','3250','X5693','e','3356','','','3458','X1693','','3350','X2693','b','3353',''
'SSet','','3251','X5694','e','3356','','','3459','X1694','','3351','X2694','h','3359',''
'SSet','','3152','X5595','f','3357','','','3560','X3595','','3460','X4595','b','3353',''
'SSet','','3153','X5596','d','3355','','','3561','X3596','','3461','X4596','f','3357',''
'SSet','','3154','X5597','d','3355','','','3562','X3597','','3462','X4597','a','3352',''
'SSet','','3155','X5598','a','3352','','','3563','X3598','','3463','X4598','f','3357',''
'SSet','','3156','X5599','d','3355','','','3564','X3599','','3464','X4599','c','3354',''
'SSet','','3157','X5600','f','3357','','','3565','X3600','','3465','X4600','a','3352',''
'SSet','c','3662','','b','3353','','','3567','X3602','','3467','X4602','d','3355',''
'SSet','','3160','X5603','f','3357','','','3568','X3603','','3468','X4603','d','3355',''
'SSet','','3161','X5604','a','3352','','','3569','X3604','','3469','X4604','e','3356',''
'SSet','d','3663','','f','3357','','','3652','X3687','','3552','X4687','c','3354',''
'SSet','','3166','X5609','f','3357','','','3574','X3609','','3474','X4609','c','3354',''
'SSet','','3168','X5611','c','3354','','','3576','X3611','','3476','X4611','c','3354',''
'SSet','','3170','X5613','d','3355','','','3578','X3613','','3478','X4613','a','3352',''
'SSet','','3171','X5614','e','3356','','','3579','X3614','','3479','X4614','f','3357',''
'SSet','','3172','X5615','e','3356','','','3580','X3615','','3480','X4615','b','3353',''
'SSet','','3173','X5616','b','3353','','','3581','X3616','','3481','X4616','d','3355',''
'SSet','','3174','X5617','d','3355','','','3582','X3617','','3482','X4617','g','3358',''
'SSet','','3175','X5618','d','3355','','','3583','X3618','','3483','X4618','e','3356',''
'SSet','','3176','X5619','e','3356','','','3584','X3619','','3484','X4619','f','3357',''
'SSet','','3177','X5620','e','3356','','','3585','X3620','','3485','X4620','b','3353',''
'SSet','','3178','X5621','f','3357','','','3586','X3621','','3486','X4621','d','3355',''
'SSet','','3179','X5622','d','3355','','','3587','X3622','','3487','X4622','d','3355',''
'SSet','','3180','X5623','c','3354','','','3588','X3623','','3488','X4623','b','3353',''
'SSet','','3182','X5625','e','3356','','','3590','X3625','','3490','X4625','c','3354',''
'SSet','','3183','X5626','b','3353','','','3591','X3626','','3491','X4626','f','3357',''
'SSet','','3184','X5627','f','3357','','','3592','X3627','','3492','X4627','e','3356',''
'SSet','','3185','X5628','g','3358','','','3593','X3628','','3493','X4628','e','3356',''
'SSet','','3186','X5629','e','3356','','','3594','X3629','','3494','X4629','a','3352',''
'SSet','','3187','X5630','b','3353','','','3595','X3630','','3495','X4630','a','3352',''
'SSet','','3225','X5668','c','3354','','','3633','X3668','','3533','X4668','c','3354',''
'SSet','','3189','X5632','b','3353','','','3597','X3632','','3497','X4632','c','3354',''
'SSet','','3190','X5633','f','3357','','','3598','X3633','','3498','X4633','a','3352',''
'SSet','','3191','X5634','c','3354','','','3599','X3634','','3499','X4634','f','3357',''
'SSet','','3192','X5635','g','3358','','','3600','X3635','','3500','X4635','a','3352',''
'SSet','','3194','X5637','h','3359','','','3602','X3637','','3502','X4637','g','3358',''
'SSet','','3195','X5638','b','3353','','','3603','X3638','','3503','X4638','c','3354',''
'SSet','','3196','X5639','c','3354','','','3604','X3639','','3504','X4639','b','3353',''
'SSet','','3197','X5640','d','3355','','','3605','X3640','','3505','X4640','b','3353',''
'SSet','','3199','X5642','h','3359','','','3607','X3642','','3507','X4642','e','3356',''
'SSet','','3200','X5643','e','3356','','','3608','X3643','','3508','X4643','f','3357',''
'SSet','','3201','X5644','a','3352','','','3609','X3644','','3509','X4644','e','3356',''
'SSet','','3202','X5645','f','3357','','','3610','X3645','','3510','X4645','b','3353',''
'SSet','c','3662','','d','3355','','','3615','X3650','','3515','X4650','c','3354',''
'SSet','','3208','X5651','d','3355','','','3616','X3651','','3516','X4651','f','3357',''
'SSet','','3210','X5653','g','3358','','','3618','X3653','','3518','X4653','a','3352',''
'SSet','','3211','X5654','f','3357','','','3619','X3654','','3519','X4654','f','3357',''
'SSet','','3213','X5656','b','3353','','','3621','X3656','','3521','X4656','b','3353',''
'SSet','','3214','X5657','d','3355','','','3622','X3657','','3522','X4657','b','3353',''
'SSet','d','3663','','e','3356','','','3623','X3658','','3523','X4658','c','3354',''
'SSet','b','3661','','f','3357','','f','3357','','','3699','X1726','e','3356',''
'SSet','','3217','X5660','d','3355','','','3625','X3660','','3525','X4660','c','3354',''
'SSet','','3219','X5662','f','3357','','','3627','X3662','','3527','X4662','d','3355',''
'SSet','','3220','X5663','c','3354','','','3628','X3663','','3528','X4663','g','3358',''
'SSet','','3222','X5665','a','3352','','','3630','X3665','','3530','X4665','f','3357',''
'SSet','','3223','X5666','a','3352','','','3631','X3666','','3531','X4666','d','3355',''
'SSet','','3224','X5667','b','3353','','','3632','X3667','','3532','X4667','d','3355',''
'SSet','','3226','X5669','f','3357','','','3634','X3669','','3534','X4669','b','3353',''
'SSet','','3227','X5670','e','3356','','','3635','X3670','','3535','X4670','e','3356',''
'SSet','','3228','X5671','h','3359','','','3636','X3671','','3536','X4671','e','3356',''
'SSet','f','3665','','e','3356','','','3637','X3672','','3537','X4672','a','3352',''
'SSet','a','3660','','e','3356','','','3638','X3673','','3538','X4673','c','3354',''
'SSet','','3231','X5674','f','3357','','','3639','X3674','','3539','X4674','a','3352',''
'SSet','','3232','X5675','b','3353','','','3640','X3675','','3540','X4675','f','3357',''
'SSet','','3234','X5677','a','3352','','','3642','X3677','','3542','X4677','e','3356',''
'SSet','','3235','X5678','d','3355','','','3643','X3678','','3543','X4678','d','3355',''
'SSet','','3236','X5679','d','3355','','','3644','X3679','','3544','X4679','b','3353',''
'SSet','','3237','X5680','f','3357','','','3645','X3680','','3545','X4680','h','3359',''
'SSet','','3238','X5681','c','3354','','','3646','X3681','','3546','X4681','e','3356',''
'SSet','','3239','X5682','h','3359','','','3647','X3682','','3547','X4682','a','3352',''
'SSet','','3240','X5683','g','3358','','','3648','X3683','','3548','X4683','d','3355',''
'SSet','','3243','X5686','b','3353','','','3651','X3686','','3551','X4686','b','3353',''
'SSet','','3244','X5687','f','3357','','','3652','X3687','','3552','X4687','d','3355',''
'SSet','','3245','X5688','e','3356','','','3653','X3688','','3553','X4688','e','3356',''
'SSet','','3246','X5689','d','3355','','','3654','X3689','','3554','X4689','c','3354',''
'SSet','','3247','X5690','e','3356','','','3655','X3690','','3555','X4690','c','3354',''
'SSet','','3248','X5691','e','3356','','','3656','X3691','','3556','X4691','a','3352',''
'SSet','','3249','X5692','b','3353','','','3657','X3692','','3557','X4692','f','3357',''
'SSet','','3250','X5693','c','3354','','','3658','X3693','','3558','X4693','b','3353',''
'SSet','','3251','X5694','c','3354','','','3659','X3694','','3559','X4694','h','3359',''
'SSet','f','3665','','f','3357','','','3560','X3595','','3460','X4595','e','3356',''
'SSet','c','3662','','d','3355','','','3561','X3596','','3461','X4596','a','3352',''
'SSet','e','3664','','d','3355','','','3562','X3597','','3462','X4597','b','3353',''
'SSet','d','3663','','a','3352','','','3563','X3598','','3463','X4598','b','3353',''
'SSet','a','3660','','d','3355','','','3564','X3599','','3464','X4599','g','3358',''
'SSet','e','3664','','f','3357','','','3565','X3600','','3465','X4600','c','3354',''
'SSet','a','3660','','c','3354','','','3566','X3601','','3466','X4601','c','3354',''
'SSet','a','3660','','f','3357','','','3568','X3603','','3468','X4603','h','3359',''
'SSet','a','3660','','a','3352','','','3569','X3604','','3469','X4604','b','3353',''
'SSet','f','3665','','c','3354','','','3570','X3605','','3470','X4605','c','3354',''
'SSet','a','3660','','e','3356','','','3571','X3606','','3471','X4606','e','3356',''
'SSet','d','3663','','f','3357','','','3572','X3607','','3472','X4607','f','3357',''
'SSet','f','3665','','f','3357','','','3574','X3609','','3474','X4609','d','3355',''
'SSet','f','3665','','d','3355','','','3575','X3610','','3475','X4610','d','3355',''
'SSet','b','3661','','c','3354','','','3576','X3611','','3476','X4611','a','3352',''
'SSet','b','3661','','a','3352','','','3577','X3612','','3477','X4612','a','3352',''
'SSet','e','3664','','d','3355','','','3578','X3613','','3478','X4613','f','3357',''
'SSet','a','3660','','e','3356','','','3579','X3614','','3479','X4614','a','3352',''
'SSet','b','3661','','e','3356','','','3580','X3615','','3480','X4615','f','3357',''
'SSet','f','3665','','b','3353','','','3581','X3616','','3481','X4616','g','3358',''
'SSet','c','3662','','d','3355','','','3582','X3617','','3482','X4617','f','3357',''
'SSet','b','3661','','d','3355','','','3583','X3618','','3483','X4618','f','3357',''
'SSet','a','3660','','e','3356','','','3584','X3619','','3484','X4619','d','3355',''
'SSet','e','3664','','e','3356','','','3585','X3620','','3485','X4620','c','3354',''
'SSet','f','3665','','f','3357','','','3586','X3621','','3486','X4621','c','3354',''
'SSet','c','3662','','d','3355','','','3587','X3622','','3487','X4622','f','3357',''
'SSet','d','3663','','c','3354','','','3588','X3623','','3488','X4623','e','3356',''
'SSet','b','3661','','f','3357','','','3589','X3624','','3489','X4624','f','3357',''
'SSet','h','3667','','e','3356','','','3590','X3625','','3490','X4625','f','3357',''
'SSet','b','3661','','b','3353','','','3591','X3626','','3491','X4626','e','3356',''
'SSet','c','3662','','f','3357','','','3592','X3627','','3492','X4627','a','3352',''
'SSet','h','3667','','g','3358','','','3593','X3628','','3493','X4628','c','3354',''
'SSet','h','3667','','e','3356','','','3594','X3629','','3494','X4629','b','3353',''
'SSet','g','3666','','b','3353','','','3595','X3630','','3495','X4630','d','3355',''
'SSet','b','3661','','c','3354','','','3633','X3668','','3533','X4668','b','3353',''
'SSet','c','3662','','b','3353','','','3597','X3632','','3497','X4632','h','3359',''
'SSet','c','3662','','f','3357','','','3598','X3633','','3498','X4633','c','3354',''
'SSet','f','3665','','c','3354','','','3599','X3634','','3499','X4634','e','3356',''
'SSet','h','3667','','g','3358','','','3600','X3635','','3500','X4635','b','3353',''
'SSet','c','3662','','e','3356','','','3601','X3636','','3501','X4636','e','3356',''
'SSet','a','3660','','h','3359','','','3602','X3637','','3502','X4637','b','3353',''
'SSet','d','3663','','b','3353','','','3603','X3638','','3503','X4638','e','3356',''
'SSet','d','3663','','c','3354','','','3604','X3639','','3504','X4639','f','3357',''
'SSet','e','3664','','d','3355','','','3605','X3640','','3505','X4640','a','3352',''
'SSet','f','3665','','d','3355','','','3606','X3641','','3506','X4641','d','3355',''
'SSet','b','3661','','h','3359','','','3607','X3642','','3507','X4642','b','3353',''
'SSet','h','3667','','e','3356','','','3608','X3643','','3508','X4643','h','3359',''
'SSet','a','3660','','a','3352','','','3609','X3644','','3509','X4644','f','3357',''
'SSet','a','3660','','f','3357','','','3610','X3645','','3510','X4645','a','3352',''
'SSet','d','3663','','a','3352','','','3612','X3647','','3512','X4647','a','3352',''
'SSet','e','3664','','e','3356','','','3613','X3648','','3513','X4648','e','3356',''
'SSet','e','3664','','b','3353','','','3614','X3649','','3514','X4649','b','3353',''
'SSet','b','3661','','d','3355','','','3616','X3651','','3516','X4651','h','3359',''
'SSet','g','3666','','g','3358','','','3618','X3653','','3518','X4653','e','3356',''
'SSet','g','3666','','f','3357','','','3619','X3654','','3519','X4654','h','3359',''
'SSet','d','3663','','b','3353','','','3621','X3656','','3521','X4656','h','3359',''
'SSet','h','3667','','d','3355','','','3622','X3657','','3522','X4657','c','3354',''
'SSet','a','3660','','d','3355','','','3625','X3660','','3525','X4660','e','3356',''
'SSet','a','3660','','b','3353','','','3626','X3661','','3526','X4661','b','3353',''
'SSet','b','3661','','f','3357','','','3627','X3662','','3527','X4662','a','3352',''
'SSet','f','3665','','c','3354','','','3628','X3663','','3528','X4663','f','3357',''
'SSet','e','3664','','a','3352','','','3630','X3665','','3530','X4665','c','3354',''
'SSet','e','3664','','a','3352','','','3631','X3666','','3531','X4666','b','3353',''
'SSet','g','3666','','b','3353','','','3632','X3667','','3532','X4667','e','3356',''
'SSet','b','3661','','f','3357','','','3634','X3669','','3534','X4669','d','3355',''
'SSet','e','3664','','e','3356','','','3635','X3670','','3535','X4670','c','3354',''
'SSet','b','3661','','h','3359','','','3636','X3671','','3536','X4671','g','3358',''
'SSet','f','3665','','f','3357','','','3639','X3674','','3539','X4674','g','3358',''
'SSet','d','3663','','b','3353','','','3640','X3675','','3540','X4675','g','3358',''
'SSet','f','3665','','f','3357','','','3641','X3676','','3541','X4676','f','3357',''
'SSet','c','3662','','a','3352','','','3642','X3677','','3542','X4677','g','3358',''
'SSet','e','3664','','d','3355','','','3643','X3678','','3543','X4678','h','3359',''
'SSet','d','3663','','d','3355','','','3644','X3679','','3544','X4679','f','3357',''
'SSet','g','3666','','f','3357','','','3645','X3680','','3545','X4680','d','3355',''
'SSet','c','3662','','c','3354','','','3646','X3681','','3546','X4681','a','3352',''
'SSet','g','3666','','h','3359','','','3647','X3682','','3547','X4682','c','3354',''
'SSet','f','3665','','g','3358','','','3648','X3683','','3548','X4683','c','3354',''
'SSet','c','3662','','c','3354','','','3650','X3685','','3550','X4685','c','3354',''
'SSet','a','3660','','b','3353','','','3651','X3686','','3551','X4686','c','3354',''
'SSet','a','3660','','e','3356','','','3653','X3688','','3553','X4688','d','3355',''
'SSet','e','3664','','d','3355','','','3654','X3689','','3554','X4689','e','3356',''
'SSet','g','3666','','e','3356','','','3655','X3690','','3555','X4690','h','3359',''
'SSet','b','3661','','e','3356','','','3656','X3691','','3556','X4691','c','3354',''
'SSet','f','3665','','b','3353','','','3657','X3692','','3557','X4692','h','3359',''
'SSet','b','3661','','c','3354','','','3658','X3693','','3558','X4693','e','3356',''
'SSet','c','3662','','c','3354','','','3659','X3694','','3559','X4694','e','3356',''
'SSet','f','3665','','b','3353','','b','3353','','','3668','X1695','e','3356',''
'SSet','c','3662','','f','3357','','f','3357','','','3669','X1696','a','3352',''
'SSet','e','3664','','a','3352','','a','3352','','','3670','X1697','b','3353',''
'SSet','d','3663','','f','3357','','f','3357','','','3671','X1698','b','3353',''
'SSet','a','3660','','c','3354','','c','3354','','','3672','X1699','g','3358',''
'SSet','e','3664','','a','3352','','a','3352','','','3673','X1700','c','3354',''
'SSet','a','3660','','f','3357','','f','3357','','','3674','X1701','c','3354',''
'SSet','a','3660','','d','3355','','d','3355','','','3676','X1703','h','3359',''
'SSet','a','3660','','e','3356','','e','3356','','','3677','X1704','b','3353',''
'SSet','f','3665','','f','3357','','f','3357','','','3678','X1705','c','3354',''
'SSet','a','3660','','f','3357','','f','3357','','','3679','X1706','e','3356',''
'SSet','d','3663','','b','3353','','b','3353','','','3680','X1707','f','3357',''
'SSet','f','3665','','c','3354','','c','3354','','','3682','X1709','d','3355',''
'SSet','f','3665','','b','3353','','b','3353','','','3683','X1710','d','3355',''
'SSet','b','3661','','c','3354','','c','3354','','','3684','X1711','a','3352',''
'SSet','b','3661','','f','3357','','f','3357','','','3685','X1712','a','3352',''
'SSet','e','3664','','a','3352','','a','3352','','','3686','X1713','f','3357',''
'SSet','a','3660','','f','3357','','f','3357','','','3687','X1714','a','3352',''
'SSet','b','3661','','b','3353','','b','3353','','','3688','X1715','f','3357',''
'SSet','f','3665','','d','3355','','d','3355','','','3689','X1716','g','3358',''
'SSet','c','3662','','g','3358','','g','3358','','','3690','X1717','f','3357',''
'SSet','b','3661','','e','3356','','e','3356','','','3691','X1718','f','3357',''
'SSet','a','3660','','f','3357','','f','3357','','','3692','X1719','d','3355',''
'SSet','e','3664','','b','3353','','b','3353','','','3693','X1720','c','3354',''
'SSet','f','3665','','d','3355','','d','3355','','','3694','X1721','c','3354',''
'SSet','c','3662','','d','3355','','d','3355','','','3695','X1722','f','3357',''
'SSet','d','3663','','b','3353','','b','3353','','','3696','X1723','e','3356',''
'SSet','b','3661','','a','3352','','a','3352','','','3697','X1724','f','3357',''
'SSet','h','3667','','c','3354','','c','3354','','','3698','X1725','f','3357',''
'SSet','c','3662','','e','3356','','e','3356','','','3700','X1727','a','3352',''
'SSet','h','3667','','e','3356','','e','3356','','','3701','X1728','c','3354',''
'SSet','h','3667','','a','3352','','a','3352','','','3702','X1729','b','3353',''
'SSet','g','3666','','a','3352','','a','3352','','','3703','X1730','d','3355',''
'SSet','b','3661','','c','3354','','c','3354','','','3741','X1768','b','3353',''
'SSet','c','3662','','c','3354','','c','3354','','','3705','X1732','h','3359',''
'SSet','c','3662','','a','3352','','a','3352','','','3706','X1733','c','3354',''
'SSet','f','3665','','f','3357','','f','3357','','','3707','X1734','e','3356',''
'SSet','h','3667','','a','3352','','a','3352','','','3708','X1735','b','3353',''
'SSet','c','3662','','f','3357','','f','3357','','','3709','X1736','e','3356',''
'SSet','a','3660','','g','3358','','g','3358','','','3710','X1737','b','3353',''
'SSet','d','3663','','c','3354','','c','3354','','','3711','X1738','e','3356',''
'SSet','d','3663','','b','3353','','b','3353','','','3712','X1739','f','3357',''
'SSet','e','3664','','b','3353','','b','3353','','','3713','X1740','a','3352',''
'SSet','f','3665','','f','3357','','f','3357','','','3714','X1741','d','3355',''
'SSet','b','3661','','e','3356','','e','3356','','','3715','X1742','b','3353',''
'SSet','h','3667','','f','3357','','f','3357','','','3716','X1743','h','3359',''
'SSet','a','3660','','e','3356','','e','3356','','','3717','X1744','f','3357',''
'SSet','a','3660','','b','3353','','b','3353','','','3718','X1745','a','3352',''
'SSet','d','3663','','f','3357','','f','3357','','','3720','X1747','a','3352',''
'SSet','e','3664','','c','3354','','c','3354','','','3721','X1748','e','3356',''
'SSet','e','3664','','c','3354','','c','3354','','','3722','X1749','b','3353',''
'SSet','b','3661','','f','3357','','f','3357','','','3724','X1751','h','3359',''
'SSet','g','3666','','a','3352','','a','3352','','','3726','X1753','e','3356',''
'SSet','g','3666','','f','3357','','f','3357','','','3727','X1754','h','3359',''
'SSet','d','3663','','b','3353','','b','3353','','','3729','X1756','h','3359',''
'SSet','h','3667','','b','3353','','b','3353','','','3730','X1757','c','3354',''
'SSet','a','3660','','c','3354','','c','3354','','','3733','X1760','e','3356',''
'SSet','a','3660','','c','3354','','c','3354','','','3734','X1761','b','3353',''
'SSet','b','3661','','d','3355','','d','3355','','','3735','X1762','a','3352',''
'SSet','f','3665','','g','3358','','g','3358','','','3736','X1763','f','3357',''
'SSet','e','3664','','f','3357','','f','3357','','','3738','X1765','c','3354',''
'SSet','g','3666','','d','3355','','d','3355','','','3740','X1767','e','3356',''
'SSet','b','3661','','b','3353','','b','3353','','','3742','X1769','d','3355',''
'SSet','e','3664','','e','3356','','e','3356','','','3743','X1770','c','3354',''
'SSet','b','3661','','e','3356','','e','3356','','','3744','X1771','g','3358',''
'SSet','f','3665','','a','3352','','a','3352','','','3747','X1774','g','3358',''
'SSet','d','3663','','f','3357','','f','3357','','','3748','X1775','g','3358',''
'SSet','f','3665','','d','3355','','d','3355','','','3749','X1776','f','3357',''
'SSet','c','3662','','e','3356','','e','3356','','','3750','X1777','g','3358',''
'SSet','e','3664','','d','3355','','d','3355','','','3751','X1778','h','3359',''
'SSet','d','3663','','b','3353','','b','3353','','','3752','X1779','f','3357',''
'SSet','g','3666','','h','3359','','h','3359','','','3753','X1780','d','3355',''
'SSet','c','3662','','e','3356','','e','3356','','','3754','X1781','a','3352',''
'SSet','g','3666','','a','3352','','a','3352','','','3755','X1782','c','3354',''
'SSet','f','3665','','d','3355','','d','3355','','','3756','X1783','c','3354',''
'SSet','c','3662','','a','3352','','a','3352','','','3758','X1785','c','3354',''
'SSet','a','3660','','b','3353','','b','3353','','','3759','X1786','c','3354',''
'SSet','d','3663','','d','3355','','d','3355','','','3760','X1787','c','3354',''
'SSet','a','3660','','e','3356','','e','3356','','','3761','X1788','d','3355',''
'SSet','e','3664','','c','3354','','c','3354','','','3762','X1789','e','3356',''
'SSet','g','3666','','c','3354','','c','3354','','','3763','X1790','h','3359',''
'SSet','b','3661','','a','3352','','a','3352','','','3764','X1791','c','3354',''
'SSet','f','3665','','f','3357','','f','3357','','','3765','X1792','h','3359',''
'SSet','b','3661','','b','3353','','b','3353','','','3766','X1793','e','3356',''
'SSet','c','3662','','h','3359','','h','3359','','','3767','X1794','e','3356',''
'SSet','','3768','X5695','b','3353','','b','3353','','','3668','X1695','b','3353',''
'SSet','','3769','X5696','f','3357','','f','3357','','','3669','X1696','f','3357',''
'SSet','','3770','X5697','a','3352','','a','3352','','','3670','X1697','a','3352',''
'SSet','','3771','X5698','f','3357','','f','3357','','','3671','X1698','f','3357',''
'SSet','','3772','X5699','c','3354','','c','3354','','','3672','X1699','c','3354',''
'SSet','','3773','X5700','a','3352','','a','3352','','','3673','X1700','a','3352',''
'SSet','','3774','X5701','f','3357','','f','3357','','','3674','X1701','f','3357',''
'SSet','','3776','X5703','d','3355','','d','3355','','','3676','X1703','d','3355',''
'SSet','','3777','X5704','e','3356','','e','3356','','','3677','X1704','e','3356',''
'SSet','','3778','X5705','f','3357','','f','3357','','','3678','X1705','f','3357',''
'SSet','','3779','X5706','f','3357','','f','3357','','','3679','X1706','f','3357',''
'SSet','','3780','X5707','b','3353','','b','3353','','','3680','X1707','b','3353',''
'SSet','','3782','X5709','c','3354','','c','3354','','','3682','X1709','c','3354',''
'SSet','','3783','X5710','b','3353','','b','3353','','','3683','X1710','b','3353',''
'SSet','','3784','X5711','c','3354','','c','3354','','','3684','X1711','c','3354',''
'SSet','','3785','X5712','f','3357','','f','3357','','','3685','X1712','f','3357',''
'SSet','','3786','X5713','a','3352','','a','3352','','','3686','X1713','a','3352',''
'SSet','','3787','X5714','f','3357','','f','3357','','','3687','X1714','f','3357',''
'SSet','','3788','X5715','b','3353','','b','3353','','','3688','X1715','b','3353',''
'SSet','','3789','X5716','d','3355','','d','3355','','','3689','X1716','d','3355',''
'SSet','','3790','X5717','g','3358','','g','3358','','','3690','X1717','g','3358',''
'SSet','','3791','X5718','e','3356','','e','3356','','','3691','X1718','e','3356',''
'SSet','','3792','X5719','f','3357','','f','3357','','','3692','X1719','f','3357',''
'SSet','','3793','X5720','b','3353','','b','3353','','','3693','X1720','b','3353',''
'SSet','','3794','X5721','d','3355','','d','3355','','','3694','X1721','d','3355',''
'SSet','','3795','X5722','d','3355','','d','3355','','','3695','X1722','d','3355',''
'SSet','','3796','X5723','b','3353','','b','3353','','','3696','X1723','b','3353',''
'SSet','','3797','X5724','a','3352','','a','3352','','','3697','X1724','a','3352',''
'SSet','','3798','X5725','c','3354','','c','3354','','','3698','X1725','c','3354',''
'SSet','','3799','X5726','f','3357','','f','3357','','','3699','X1726','f','3357',''
'SSet','','3800','X5727','e','3356','','e','3356','','','3700','X1727','e','3356',''
'SSet','','3801','X5728','e','3356','','e','3356','','','3701','X1728','e','3356',''
'SSet','','3802','X5729','a','3352','','a','3352','','','3702','X1729','a','3352',''
'SSet','','3803','X5730','a','3352','','a','3352','','','3703','X1730','a','3352',''
'SSet','','3841','X5768','c','3354','','c','3354','','','3741','X1768','c','3354',''
'SSet','','3805','X5732','c','3354','','c','3354','','','3705','X1732','c','3354',''
'SSet','','3806','X5733','a','3352','','a','3352','','','3706','X1733','a','3352',''
'SSet','','3807','X5734','f','3357','','f','3357','','','3707','X1734','f','3357',''
'SSet','','3808','X5735','a','3352','','a','3352','','','3708','X1735','a','3352',''
'SSet','','3809','X5736','f','3357','','f','3357','','','3709','X1736','f','3357',''
'SSet','','3810','X5737','g','3358','','g','3358','','','3710','X1737','g','3358',''
'SSet','','3811','X5738','c','3354','','c','3354','','','3711','X1738','c','3354',''
'SSet','','3812','X5739','b','3353','','b','3353','','','3712','X1739','b','3353',''
'SSet','','3813','X5740','b','3353','','b','3353','','','3713','X1740','b','3353',''
'SSet','','3814','X5741','f','3357','','f','3357','','','3714','X1741','f','3357',''
'SSet','','3815','X5742','e','3356','','e','3356','','','3715','X1742','e','3356',''
'SSet','','3816','X5743','f','3357','','f','3357','','','3716','X1743','f','3357',''
'SSet','','3817','X5744','e','3356','','e','3356','','','3717','X1744','e','3356',''
'SSet','','3818','X5745','b','3353','','b','3353','','','3718','X1745','b','3353',''
'SSet','','3820','X5747','f','3357','','f','3357','','','3720','X1747','f','3357',''
'SSet','','3821','X5748','c','3354','','c','3354','','','3721','X1748','c','3354',''
'SSet','','3822','X5749','c','3354','','c','3354','','','3722','X1749','c','3354',''
'SSet','','3824','X5751','f','3357','','f','3357','','','3724','X1751','f','3357',''
'SSet','','3826','X5753','a','3352','','a','3352','','','3726','X1753','a','3352',''
'SSet','','3827','X5754','f','3357','','f','3357','','','3727','X1754','f','3357',''
'SSet','','3829','X5756','b','3353','','b','3353','','','3729','X1756','b','3353',''
'SSet','','3830','X5757','b','3353','','b','3353','','','3730','X1757','b','3353',''
'SSet','','3833','X5760','c','3354','','c','3354','','','3733','X1760','c','3354',''
'SSet','','3834','X5761','c','3354','','c','3354','','','3734','X1761','c','3354',''
'SSet','','3835','X5762','d','3355','','d','3355','','','3735','X1762','d','3355',''
'SSet','','3836','X5763','g','3358','','g','3358','','','3736','X1763','g','3358',''
'SSet','','3838','X5765','f','3357','','f','3357','','','3738','X1765','f','3357',''
'SSet','','3839','X5766','d','3355','','d','3355','','','3739','X1766','d','3355',''
'SSet','','3840','X5767','d','3355','','d','3355','','','3740','X1767','d','3355',''
'SSet','','3842','X5769','b','3353','','b','3353','','','3742','X1769','b','3353',''
'SSet','','3843','X5770','e','3356','','e','3356','','','3743','X1770','e','3356',''
'SSet','','3844','X5771','e','3356','','e','3356','','','3744','X1771','e','3356',''
'SSet','','3847','X5774','a','3352','','a','3352','','','3747','X1774','a','3352',''
'SSet','','3848','X5775','f','3357','','f','3357','','','3748','X1775','f','3357',''
'SSet','','3849','X5776','d','3355','','d','3355','','','3749','X1776','d','3355',''
'SSet','','3850','X5777','e','3356','','e','3356','','','3750','X1777','e','3356',''
'SSet','','3851','X5778','d','3355','','d','3355','','','3751','X1778','d','3355',''
'SSet','','3852','X5779','b','3353','','b','3353','','','3752','X1779','b','3353',''
'SSet','','3853','X5780','h','3359','','h','3359','','','3753','X1780','h','3359',''
'SSet','','3854','X5781','e','3356','','e','3356','','','3754','X1781','e','3356',''
'SSet','','3855','X5782','a','3352','','a','3352','','','3755','X1782','a','3352',''
'SSet','','3856','X5783','d','3355','','d','3355','','','3756','X1783','d','3355',''
'SSet','','3858','X5785','a','3352','','a','3352','','','3758','X1785','a','3352',''
'SSet','','3859','X5786','b','3353','','b','3353','','','3759','X1786','b','3353',''
'SSet','','3860','X5787','d','3355','','d','3355','','','3760','X1787','d','3355',''
'SSet','','3861','X5788','e','3356','','e','3356','','','3761','X1788','e','3356',''
'SSet','','3862','X5789','c','3354','','c','3354','','','3762','X1789','c','3354',''
'SSet','','3863','X5790','c','3354','','c','3354','','','3763','X1790','c','3354',''
'SSet','','3864','X5791','a','3352','','a','3352','','','3764','X1791','a','3352',''
'SSet','','3865','X5792','f','3357','','f','3357','','','3765','X1792','f','3357',''
'SSet','','3866','X5793','b','3353','','b','3353','','','3766','X1793','b','3353',''
'SSet','','3867','X5794','h','3359','','h','3359','','','3767','X1794','h','3359',''
'SSet','','3768','X5695','f','3357','','','4068','X2695','','3868','X3695','','3968','X4695'
'SSet','','3769','X5696','d','3355','','','4069','X2696','','3869','X3696','','3969','X4696'
'SSet','','3770','X5697','d','3355','','','4070','X2697','','3870','X3697','','3970','X4697'
'SSet','','3771','X5698','a','3352','','','4071','X2698','','3871','X3698','','3971','X4698'
'SSet','','3772','X5699','d','3355','','','4072','X2699','','3872','X3699','','3972','X4699'
'SSet','','3773','X5700','f','3357','','','4073','X2700','','3873','X3700','','3973','X4700'
'SSet','','3774','X5701','c','3354','','','4074','X2701','','3874','X3701','','3974','X4701'
'SSet','','3776','X5703','f','3357','','','4076','X2703','','3876','X3703','','3976','X4703'
'SSet','','3777','X5704','a','3352','','','4077','X2704','','3877','X3704','','3977','X4704'
'SSet','','3778','X5705','c','3354','','','4078','X2705','','3878','X3705','','3978','X4705'
'SSet','','3779','X5706','e','3356','','','4079','X2706','','3879','X3706','','3979','X4706'
'SSet','','3780','X5707','f','3357','','','4080','X2707','','3880','X3707','','3980','X4707'
'SSet','','3782','X5709','f','3357','','','4082','X2709','','3882','X3709','','3982','X4709'
'SSet','','3783','X5710','d','3355','','','4083','X2710','','3883','X3710','','3983','X4710'
'SSet','','3785','X5712','a','3352','','','4085','X2712','','3885','X3712','','3985','X4712'
'SSet','','3786','X5713','d','3355','','','4086','X2713','','3886','X3713','','3986','X4713'
'SSet','','3787','X5714','e','3356','','','4087','X2714','','3887','X3714','','3987','X4714'
'SSet','','3788','X5715','e','3356','','','4088','X2715','','3888','X3715','','3988','X4715'
'SSet','','3789','X5716','b','3353','','','4089','X2716','','3889','X3716','','3989','X4716'
'SSet','','3790','X5717','d','3355','','','4090','X2717','','3890','X3717','','3990','X4717'
'SSet','','3791','X5718','d','3355','','','4091','X2718','','3891','X3718','','3991','X4718'
'SSet','','3792','X5719','e','3356','','','4092','X2719','','3892','X3719','','3992','X4719'
'SSet','','3793','X5720','e','3356','','','4093','X2720','','3893','X3720','','3993','X4720'
'SSet','','3794','X5721','f','3357','','','4094','X2721','','3894','X3721','','3994','X4721'
'SSet','','3796','X5723','c','3354','','','4096','X2723','','3896','X3723','','3996','X4723'
'SSet','','3797','X5724','f','3357','','','4097','X2724','','3897','X3724','','3997','X4724'
'SSet','','3798','X5725','e','3356','','','4098','X2725','','3898','X3725','','3998','X4725'
'SSet','','3799','X5726','b','3353','','','4099','X2726','','3899','X3726','','3999','X4726'
'SSet','','3800','X5727','f','3357','','','4100','X2727','','3900','X3727','','4000','X4727'
'SSet','','3801','X5728','g','3358','','','4101','X2728','','3901','X3728','','4001','X4728'
'SSet','','3802','X5729','e','3356','','','4102','X2729','','3902','X3729','','4002','X4729'
'SSet','','3803','X5730','b','3353','','','4103','X2730','','3903','X3730','','4003','X4730'
'SSet','','3805','X5732','b','3353','','','4105','X2732','','3905','X3732','','4005','X4732'
'SSet','','3806','X5733','f','3357','','','4106','X2733','','3906','X3733','','4006','X4733'
'SSet','','3807','X5734','c','3354','','','4107','X2734','','3907','X3734','','4007','X4734'
'SSet','','3808','X5735','g','3358','','','4108','X2735','','3908','X3735','','4008','X4735'
'SSet','','3809','X5736','e','3356','','','4109','X2736','','3909','X3736','','4009','X4736'
'SSet','','3810','X5737','h','3359','','','4110','X2737','','3910','X3737','','4010','X4737'
'SSet','','3811','X5738','b','3353','','','4111','X2738','','3911','X3738','','4011','X4738'
'SSet','','3812','X5739','c','3354','','','4112','X2739','','3912','X3739','','4012','X4739'
'SSet','','3813','X5740','d','3355','','','4113','X2740','','3913','X3740','','4013','X4740'
'SSet','','3814','X5741','d','3355','','','4114','X2741','','3914','X3741','','4014','X4741'
'SSet','','3815','X5742','h','3359','','','4115','X2742','','3915','X3742','','4015','X4742'
'SSet','','3816','X5743','e','3356','','','4116','X2743','','3916','X3743','','4016','X4743'
'SSet','','3817','X5744','a','3352','','','4117','X2744','','3917','X3744','','4017','X4744'
'SSet','','3818','X5745','f','3357','','','4118','X2745','','3918','X3745','','4018','X4745'
'SSet','','3820','X5747','a','3352','','','4120','X2747','','3920','X3747','','4020','X4747'
'SSet','','3821','X5748','e','3356','','','4121','X2748','','3921','X3748','','4021','X4748'
'SSet','','3822','X5749','b','3353','','','4122','X2749','','3922','X3749','','4022','X4749'
'SSet','','3824','X5751','d','3355','','','4124','X2751','','3924','X3751','','4024','X4751'
'SSet','e','3664','','d','3355','','d','3355','','','3739','X1766','b','3353',''
'SSet','','3826','X5753','g','3358','','','4126','X2753','','3926','X3753','','4026','X4753'
'SSet','','3830','X5757','d','3355','','','4130','X2757','','3930','X3757','','4030','X4757'
'SSet','','3833','X5760','d','3355','','','4133','X2760','','3933','X3760','','4033','X4760'
'SSet','','3834','X5761','b','3353','','','4134','X2761','','3934','X3761','','4034','X4761'
'SSet','','3835','X5762','f','3357','','','4135','X2762','','3935','X3762','','4035','X4762'
'SSet','','3836','X5763','c','3354','','','4136','X2763','','3936','X3763','','4036','X4763'
'SSet','','3838','X5765','a','3352','','','4138','X2765','','3938','X3765','','4038','X4765'
'SSet','','3839','X5766','a','3352','','','4139','X2766','','3939','X3766','','4039','X4766'
'SSet','','3840','X5767','b','3353','','','4140','X2767','','3940','X3767','','4040','X4767'
'SSet','','3842','X5769','f','3357','','','4142','X2769','','3942','X3769','','4042','X4769'
'SSet','','3844','X5771','h','3359','','','4144','X2771','','3944','X3771','','4044','X4771'
'SSet','','3847','X5774','f','3357','','','4147','X2774','','3947','X3774','','4047','X4774'
'SSet','','3848','X5775','b','3353','','','4148','X2775','','3948','X3775','','4048','X4775'
'SSet','','3849','X5776','f','3357','','','4149','X2776','','3949','X3776','','4049','X4776'
'SSet','','3850','X5777','a','3352','','','4150','X2777','','3950','X3777','','4050','X4777'
'SSet','','3852','X5779','d','3355','','','4152','X2779','','3952','X3779','','4052','X4779'
'SSet','','3853','X5780','f','3357','','','4153','X2780','','3953','X3780','','4053','X4780'
'SSet','','3854','X5781','c','3354','','','4154','X2781','','3954','X3781','','4054','X4781'
'SSet','','3855','X5782','h','3359','','','4155','X2782','','3955','X3782','','4055','X4782'
'SSet','','3856','X5783','g','3358','','','4156','X2783','','3956','X3783','','4056','X4783'
'SSet','','3858','X5785','c','3354','','','4158','X2785','','3958','X3785','','4058','X4785'
'SSet','','3860','X5787','f','3357','','','4160','X2787','','3960','X3787','','4060','X4787'
'SSet','','3862','X5789','d','3355','','','4162','X2789','','3962','X3789','','4062','X4789'
'SSet','','3863','X5790','e','3356','','','4163','X2790','','3963','X3790','','4063','X4790'
'SSet','','3864','X5791','e','3356','','','4164','X2791','','3964','X3791','','4064','X4791'
'SSet','','3865','X5792','b','3353','','','4165','X2792','','3965','X3792','','4065','X4792'
'SSet','','3866','X5793','c','3354','','','4166','X2793','','3966','X3793','','4066','X4793'
'SSet','','3867','X5794','c','3354','','','4167','X2794','','3967','X3794','','4067','X4794'
