'SSet','','5275','X5995','e','5384','','','5680','X3995','','5580','X4995','b','5381',''
'SSet','','5276','X5996','a','5380','','','5481','X1996','','5376','X2996','e','5384',''
'SSet','','5277','X5997','b','5381','','','5482','X1997','','5377','X2997','a','5380',''
'SSet','','5278','X5998','b','5381','','','5483','X1998','','5378','X2998','e','5384',''
'SSet','a','5685','','c','5382','','c','5382','','','5695','X11099','c','5382',''
'SSet','c','5687','','d','5383','','d','5383','','','5696','X11100','d','5383',''
'SSet','','5181','X51001','a','5380','','','5386','X11001','','5281','X21001','d','5383',''
'SSet','','5182','X51002','b','5381','','','5387','X11002','','5282','X21002','e','5384',''
'SSet','a','5685','','e','5384','','e','5384','','','5699','X11103','e','5384',''
'SSet','','5184','X51004','e','5384','','','5589','X31004','','5489','X41004','b','5381',''
'SSet','','5185','X51005','d','5383','','','5390','X11005','','5285','X21005','c','5382',''
'SSet','','5186','X51006','d','5383','','','5591','X31006','','5491','X41006','b','5381',''
'SSet','','5187','X51007','a','5380','','','5392','X11007','','5287','X21007','c','5382',''
'SSet','','5188','X51008','a','5380','','','5593','X31008','','5493','X41008','e','5384',''
'SSet','','5189','X51009','e','5384','','','5394','X11009','','5289','X21009','a','5380',''
'SSet','','5190','X51010','e','5384','','','5595','X31010','','5495','X41010','b','5381',''
'SSet','','5191','X51011','c','5382','','','5396','X11011','','5291','X21011','d','5383',''
'SSet','','5192','X51012','e','5384','','','5397','X11012','','5292','X21012','c','5382',''
'SSet','b','5686','','e','5384','','e','5384','','','5709','X11113','e','5384',''
'SSet','','5194','X51014','c','5382','','','5399','X11014','','5294','X21014','b','5381',''
'SSet','','5195','X51015','c','5382','','','5400','X11015','','5295','X21015','d','5383',''
'SSet','','5196','X51016','e','5384','','','5401','X11016','','5296','X21016','d','5383',''
'SSet','','5197','X51017','e','5384','','','5602','X31017','','5502','X41017','a','5380',''
'SSet','','5198','X51018','e','5384','','','5603','X31018','','5503','X41018','c','5382',''
'SSet','','5200','X51020','b','5381','','','5405','X11020','','5300','X21020','a','5380',''
'SSet','','5201','X51021','d','5383','','','5406','X11021','','5301','X21021','a','5380',''
'SSet','','5202','X51022','b','5381','','','5407','X11022','','5302','X21022','c','5382',''
'SSet','','5203','X51023','a','5380','','','5408','X11023','','5303','X21023','c','5382',''
'SSet','','5204','X51024','c','5382','','','5409','X11024','','5304','X21024','a','5380',''
'SSet','e','5689','','e','5384','','e','5384','','','5721','X11125','e','5384',''
'SSet','','5206','X51026','b','5381','','','5411','X11026','','5306','X21026','a','5380',''
'SSet','c','5687','','e','5384','','e','5384','','','5723','X11127','e','5384',''
'SSet','','5208','X51028','b','5381','','','5413','X11028','','5308','X21028','c','5382',''
'SSet','','5209','X51029','e','5384','','','5414','X11029','','5309','X21029','c','5382',''
'SSet','','5210','X51030','a','5380','','','5415','X11030','','5310','X21030','b','5381',''
'SSet','','5211','X51031','d','5383','','','5616','X31031','','5516','X41031','e','5384',''
'SSet','','5212','X51032','b','5381','','','5417','X11032','','5312','X21032','e','5384',''
'SSet','','5213','X51033','a','5380','','','5418','X11033','','5313','X21033','e','5384',''
'SSet','','5215','X51035','a','5380','','','5420','X11035','','5315','X21035','b','5381',''
'SSet','a','5685','','a','5380','','a','5380','','','5732','X11136','a','5380',''
'SSet','','5217','X51037','a','5380','','','5622','X31037','','5522','X41037','e','5384',''
'SSet','','5218','X51038','e','5384','','','5623','X31038','','5523','X41038','c','5382',''
'SSet','','5219','X51039','b','5381','','','5624','X31039','','5524','X41039','c','5382',''
'SSet','c','5687','','c','5382','','c','5382','','','5736','X11140','c','5382',''
'SSet','','5221','X51041','a','5380','','','5426','X11041','','5321','X21041','e','5384',''
'SSet','','5223','X51043','e','5384','','','5428','X11043','','5323','X21043','a','5380',''
'SSet','','5225','X51045','a','5380','','','5430','X11045','','5325','X21045','b','5381',''
'SSet','','5226','X51046','c','5382','','','5431','X11046','','5326','X21046','b','5381',''
'SSet','','5228','X51048','e','5384','','','5433','X11048','','5328','X21048','c','5382',''
'SSet','','5229','X51049','b','5381','','','5634','X31049','','5534','X41049','c','5382',''
'SSet','','5230','X51050','a','5380','','','5435','X11050','','5330','X21050','d','5383',''
'SSet','','5231','X51051','e','5384','','','5436','X11051','','5331','X21051','c','5382',''
'SSet','','5233','X51053','c','5382','','','5438','X11053','','5333','X21053','e','5384',''
'SSet','','5234','X51054','b','5381','','','5439','X11054','','5334','X21054','d','5383',''
'SSet','','5235','X51055','e','5384','','','5440','X11055','','5335','X21055','d','5383',''
'SSet','','5236','X51056','a','5380','','','5441','X11056','','5336','X21056','c','5382',''
'SSet','','5237','X51057','d','5383','','','5442','X11057','','5337','X21057','b','5381',''
'SSet','','5238','X51058','c','5382','','','5443','X11058','','5338','X21058','e','5384',''
'SSet','','5239','X51059','c','5382','','','5444','X11059','','5339','X21059','e','5384',''
'SSet','e','5689','','a','5380','','a','5380','','','5756','X11160','a','5380',''
'SSet','','5242','X51062','c','5382','','','5447','X11062','','5342','X21062','e','5384',''
'SSet','','5243','X51063','e','5384','','','5648','X31063','','5548','X41063','d','5383',''
'SSet','','5244','X51064','c','5382','','','5449','X11064','','5344','X21064','e','5384',''
'SSet','','5245','X51065','a','5380','','','5450','X11065','','5345','X21065','d','5383',''
'SSet','','5246','X51066','e','5384','','','5451','X11066','','5346','X21066','b','5381',''
'SSet','','5247','X51067','d','5383','','','5452','X11067','','5347','X21067','a','5380',''
'SSet','','5248','X51068','a','5380','','','5453','X11068','','5348','X21068','e','5384',''
'SSet','','5249','X51069','c','5382','','','5454','X11069','','5349','X21069','a','5380',''
'SSet','','5250','X51070','c','5382','','','5655','X31070','','5555','X41070','d','5383',''
'SSet','d','5688','','a','5380','','a','5380','','','5767','X11171','a','5380',''
'SSet','','5252','X51072','c','5382','','','5657','X31072','','5557','X41072','a','5380',''
'SSet','','5253','X51073','c','5382','','','5458','X11073','','5353','X21073','b','5381',''
'SSet','','5254','X51074','c','5382','','','5459','X11074','','5354','X21074','d','5383',''
'SSet','','5255','X51075','e','5384','','','5460','X11075','','5355','X21075','c','5382',''
'SSet','','5256','X51076','a','5380','','','5461','X11076','','5356','X21076','c','5382',''
'SSet','','5257','X51077','c','5382','','','5462','X11077','','5357','X21077','a','5380',''
'SSet','','5258','X51078','a','5380','','','5463','X11078','','5358','X21078','e','5384',''
'SSet','','5259','X51079','e','5384','','','5464','X11079','','5359','X21079','a','5380',''
'SSet','b','5686','','b','5381','','b','5381','','','5776','X11180','b','5381',''
'SSet','','5261','X51081','c','5382','','','5466','X11081','','5361','X21081','a','5380',''
'SSet','','5262','X51082','b','5381','','','5667','X31082','','5567','X41082','a','5380',''
'SSet','','5263','X51083','c','5382','','','5668','X31083','','5568','X41083','b','5381',''
'SSet','','5264','X51084','e','5384','','','5469','X11084','','5364','X21084','b','5381',''
'SSet','','5265','X51085','b','5381','','','5470','X11085','','5365','X21085','e','5384',''
'SSet','','5266','X51086','c','5382','','','5671','X31086','','5571','X41086','e','5384',''
'SSet','','5267','X51087','a','5380','','','5472','X11087','','5367','X21087','e','5384',''
'SSet','','5273','X51093','a','5380','','','5478','X11093','','5373','X21093','e','5384',''
'SSet','f','5690','','e','5384','','e','5384','','','5785','X11189','e','5384',''
'SSet','','5270','X51090','b','5381','','','5475','X11090','','5370','X21090','e','5384',''
'SSet','','5271','X51091','b','5381','','','5476','X11091','','5371','X21091','c','5382',''
'SSet','','5272','X51092','a','5380','','','5477','X11092','','5372','X21092','c','5382',''
'SSet','','5274','X51094','d','5383','','','5479','X11094','','5374','X21094','e','5384',''
'SSet','','5276','X5996','d','5383','','','5681','X3996','','5581','X4996','e','5384',''
'SSet','','5277','X5997','d','5383','','','5682','X3997','','5582','X4997','a','5380',''
'SSet','','5278','X5998','a','5380','','','5683','X3998','','5583','X4998','e','5384',''
'SSet','a','5685','','d','5383','','','5631','X31046','','5531','X41046','c','5382',''
'SSet','c','5687','','b','5381','','','5606','X31021','','5506','X41021','d','5383',''
'SSet','','5181','X51001','e','5384','','','5586','X31001','','5486','X41001','d','5383',''
'SSet','','5182','X51002','a','5380','','','5587','X31002','','5487','X41002','e','5384',''
'SSet','','5185','X51005','e','5384','','','5590','X31005','','5490','X41005','c','5382',''
'SSet','','5187','X51007','c','5382','','','5592','X31007','','5492','X41007','c','5382',''
'SSet','','5189','X51009','d','5383','','','5594','X31009','','5494','X41009','a','5380',''
'SSet','','5191','X51011','b','5381','','','5596','X31011','','5496','X41011','d','5383',''
'SSet','','5192','X51012','d','5383','','','5597','X31012','','5497','X41012','c','5382',''
'SSet','b','5686','','d','5383','','','5598','X31013','','5498','X41013','e','5384',''
'SSet','','5194','X51014','e','5384','','','5599','X31014','','5499','X41014','b','5381',''
'SSet','','5195','X51015','e','5384','','','5600','X31015','','5500','X41015','d','5383',''
'SSet','','5196','X51016','d','5383','','','5601','X31016','','5501','X41016','d','5383',''
'SSet','b','5686','','b','5381','','b','5381','','','5706','X11110','e','5384',''
'SSet','','5200','X51020','e','5384','','','5605','X31020','','5505','X41020','a','5380',''
'SSet','','5201','X51021','b','5381','','','5606','X31021','','5506','X41021','a','5380',''
'SSet','','5202','X51022','c','5382','','','5607','X31022','','5507','X41022','c','5382',''
'SSet','','5203','X51023','b','5381','','','5608','X31023','','5508','X41023','c','5382',''
'SSet','','5204','X51024','e','5384','','','5609','X31024','','5509','X41024','a','5380',''
'SSet','e','5689','','c','5382','','c','5382','','','5734','X11138','e','5384',''
'SSet','','5206','X51026','c','5382','','','5611','X31026','','5511','X41026','a','5380',''
'SSet','','5208','X51028','a','5380','','','5613','X31028','','5513','X41028','c','5382',''
'SSet','','5209','X51029','b','5381','','','5614','X31029','','5514','X41029','c','5382',''
'SSet','','5210','X51030','d','5383','','','5615','X31030','','5515','X41030','b','5381',''
'SSet','','5212','X51032','a','5380','','','5617','X31032','','5517','X41032','e','5384',''
'SSet','','5213','X51033','e','5384','','','5618','X31033','','5518','X41033','e','5384',''
'SSet','a','5685','','a','5380','','a','5380','','','5739','X11143','e','5384',''
'SSet','','5215','X51035','e','5384','','','5620','X31035','','5520','X41035','b','5381',''
'SSet','c','5687','','d','5383','','','5625','X31040','','5525','X41040','c','5382',''
'SSet','','5221','X51041','d','5383','','','5626','X31041','','5526','X41041','e','5384',''
'SSet','e','5689','','d','5383','','d','5383','','','5759','X11163','e','5384',''
'SSet','','5223','X51043','c','5382','','','5628','X31043','','5528','X41043','a','5380',''
'SSet','','5225','X51045','b','5381','','','5630','X31045','','5530','X41045','b','5381',''
'SSet','','5226','X51046','d','5383','','','5631','X31046','','5531','X41046','b','5381',''
'SSet','','5228','X51048','d','5383','','','5633','X31048','','5533','X41048','c','5382',''
'SSet','','5230','X51050','e','5384','','','5635','X31050','','5535','X41050','d','5383',''
'SSet','','5231','X51051','c','5382','','','5636','X31051','','5536','X41051','c','5382',''
'SSet','a','5685','','e','5384','','e','5384','','','5729','X11133','a','5380',''
'SSet','','5233','X51053','a','5380','','','5638','X31053','','5538','X41053','e','5384',''
'SSet','','5234','X51054','a','5380','','','5639','X31054','','5539','X41054','d','5383',''
'SSet','','5235','X51055','b','5381','','','5640','X31055','','5540','X41055','d','5383',''
'SSet','','5236','X51056','c','5382','','','5641','X31056','','5541','X41056','c','5382',''
'SSet','','5237','X51057','e','5384','','','5642','X31057','','5542','X41057','b','5381',''
'SSet','','5238','X51058','e','5384','','','5643','X31058','','5543','X41058','e','5384',''
'SSet','','5239','X51059','a','5380','','','5644','X31059','','5544','X41059','e','5384',''
'SSet','e','5689','','e','5384','','e','5384','','','5774','X11178','a','5380',''
'SSet','a','5685','','e','5384','','','5646','X31061','','5546','X41061','c','5382',''
'SSet','','5242','X51062','b','5381','','','5647','X31062','','5547','X41062','e','5384',''
'SSet','','5244','X51064','a','5380','','','5649','X31064','','5549','X41064','e','5384',''
'SSet','','5245','X51065','d','5383','','','5650','X31065','','5550','X41065','d','5383',''
'SSet','','5246','X51066','d','5383','','','5651','X31066','','5551','X41066','b','5381',''
'SSet','','5247','X51067','e','5384','','','5652','X31067','','5552','X41067','a','5380',''
'SSet','','5248','X51068','c','5382','','','5653','X31068','','5553','X41068','e','5384',''
'SSet','','5249','X51069','a','5380','','','5654','X31069','','5554','X41069','a','5380',''
'SSet','','5253','X51073','b','5381','','','5658','X31073','','5558','X41073','b','5381',''
'SSet','','5254','X51074','e','5384','','','5659','X31074','','5559','X41074','d','5383',''
'SSet','','5255','X51075','d','5383','','','5660','X31075','','5560','X41075','c','5382',''
'SSet','','5256','X51076','e','5384','','','5661','X31076','','5561','X41076','c','5382',''
'SSet','','5257','X51077','e','5384','','','5662','X31077','','5562','X41077','a','5380',''
'SSet','','5258','X51078','b','5381','','','5663','X31078','','5563','X41078','e','5384',''
'SSet','','5259','X51079','c','5382','','','5664','X31079','','5564','X41079','a','5380',''
'SSet','','5261','X51081','b','5381','','','5666','X31081','','5566','X41081','a','5380',''
'SSet','','5264','X51084','c','5382','','','5669','X31084','','5569','X41084','b','5381',''
'SSet','','5265','X51085','c','5382','','','5670','X31085','','5570','X41085','e','5384',''
'SSet','','5267','X51087','c','5382','','','5672','X31087','','5572','X41087','e','5384',''
'SSet','','5273','X51093','e','5384','','','5678','X31093','','5578','X41093','e','5384',''
'SSet','','5270','X51090','e','5384','','','5675','X31090','','5575','X41090','e','5384',''
'SSet','','5271','X51091','c','5382','','','5676','X31091','','5576','X41091','c','5382',''
'SSet','','5272','X51092','c','5382','','','5677','X31092','','5577','X41092','c','5382',''
'SSet','','5274','X51094','e','5384','','','5679','X31094','','5579','X41094','e','5384',''
'SSet','e','5689','','e','5384','','','5680','X3995','','5580','X4995','e','5384',''
'SSet','c','5687','','d','5383','','','5681','X3996','','5581','X4996','a','5380',''
'SSet','e','5689','','d','5383','','','5682','X3997','','5582','X4997','b','5381',''
'SSet','d','5688','','a','5380','','','5683','X3998','','5583','X4998','b','5381',''
'SSet','a','5685','','e','5384','','','5586','X31001','','5486','X41001','a','5380',''
'SSet','a','5685','','a','5380','','','5587','X31002','','5487','X41002','b','5381',''
'SSet','d','5688','','e','5384','','','5589','X31004','','5489','X41004','e','5384',''
'SSet','e','5689','','e','5384','','','5590','X31005','','5490','X41005','d','5383',''
'SSet','e','5689','','d','5383','','','5591','X31006','','5491','X41006','d','5383',''
'SSet','a','5685','','c','5382','','','5592','X31007','','5492','X41007','a','5380',''
'SSet','b','5686','','a','5380','','','5593','X31008','','5493','X41008','a','5380',''
'SSet','e','5689','','d','5383','','','5594','X31009','','5494','X41009','e','5384',''
'SSet','b','5686','','e','5384','','','5595','X31010','','5495','X41010','e','5384',''
'SSet','e','5689','','b','5381','','','5596','X31011','','5496','X41011','c','5382',''
'SSet','c','5687','','d','5383','','','5597','X31012','','5497','X41012','e','5384',''
'SSet','e','5689','','e','5384','','','5599','X31014','','5499','X41014','c','5382',''
'SSet','e','5689','','e','5384','','','5600','X31015','','5500','X41015','c','5382',''
'SSet','c','5687','','d','5383','','','5601','X31016','','5501','X41016','e','5384',''
'SSet','b','5686','','e','5384','','','5602','X31017','','5502','X41017','e','5384',''
'SSet','a','5685','','e','5384','','','5603','X31018','','5503','X41018','e','5384',''
'SSet','a','5685','','e','5384','','','5605','X31020','','5505','X41020','b','5381',''
'SSet','b','5686','','c','5382','','','5607','X31022','','5507','X41022','b','5381',''
'SSet','c','5687','','b','5381','','','5608','X31023','','5508','X41023','a','5380',''
'SSet','c','5687','','e','5384','','','5609','X31024','','5509','X41024','c','5382',''
'SSet','a','5685','','c','5382','','','5611','X31026','','5511','X41026','b','5381',''
'SSet','a','5685','','a','5380','','','5613','X31028','','5513','X41028','b','5381',''
'SSet','d','5688','','b','5381','','','5614','X31029','','5514','X41029','e','5384',''
'SSet','e','5689','','d','5383','','','5615','X31030','','5515','X41030','a','5380',''
'SSet','e','5689','','d','5383','','','5616','X31031','','5516','X41031','d','5383',''
'SSet','b','5686','','a','5380','','','5617','X31032','','5517','X41032','b','5381',''
'SSet','a','5685','','e','5384','','','5618','X31033','','5518','X41033','a','5380',''
'SSet','a','5685','','e','5384','','','5620','X31035','','5520','X41035','a','5380',''
'SSet','d','5688','','a','5380','','','5622','X31037','','5522','X41037','a','5380',''
'SSet','e','5689','','e','5384','','','5623','X31038','','5523','X41038','e','5384',''
'SSet','e','5689','','b','5381','','','5624','X31039','','5524','X41039','b','5381',''
'SSet','b','5686','','d','5383','','','5626','X31041','','5526','X41041','a','5380',''
'SSet','a','5685','','c','5382','','','5628','X31043','','5528','X41043','e','5384',''
'SSet','d','5688','','b','5381','','','5630','X31045','','5530','X41045','a','5380',''
'SSet','a','5685','','d','5383','','','5633','X31048','','5533','X41048','e','5384',''
'SSet','a','5685','','b','5381','','','5634','X31049','','5534','X41049','b','5381',''
'SSet','b','5686','','e','5384','','','5635','X31050','','5535','X41050','a','5380',''
'SSet','e','5689','','c','5382','','','5636','X31051','','5536','X41051','e','5384',''
'SSet','e','5689','','a','5380','','','5638','X31053','','5538','X41053','c','5382',''
'SSet','e','5689','','a','5380','','','5639','X31054','','5539','X41054','b','5381',''
'SSet','c','5687','','b','5381','','','5640','X31055','','5540','X41055','e','5384',''
'SSet','e','5689','','c','5382','','','5641','X31056','','5541','X41056','a','5380',''
'SSet','b','5686','','e','5384','','','5642','X31057','','5542','X41057','d','5383',''
'SSet','e','5689','','e','5384','','','5643','X31058','','5543','X41058','c','5382',''
'SSet','b','5686','','a','5380','','','5644','X31059','','5544','X41059','c','5382',''
'SSet','d','5688','','b','5381','','','5647','X31062','','5547','X41062','c','5382',''
'SSet','e','5689','','e','5384','','','5648','X31063','','5548','X41063','e','5384',''
'SSet','c','5687','','a','5380','','','5649','X31064','','5549','X41064','c','5382',''
'SSet','e','5689','','d','5383','','','5650','X31065','','5550','X41065','a','5380',''
'SSet','d','5688','','d','5383','','','5651','X31066','','5551','X41066','e','5384',''
'SSet','c','5687','','e','5384','','','5652','X31067','','5552','X41067','d','5383',''
'SSet','c','5687','','c','5382','','','5653','X31068','','5553','X41068','a','5380',''
'SSet','c','5687','','a','5380','','','5654','X31069','','5554','X41069','c','5382',''
'SSet','e','5689','','c','5382','','','5655','X31070','','5555','X41070','c','5382',''
'SSet','c','5687','','c','5382','','','5657','X31072','','5557','X41072','c','5382',''
'SSet','a','5685','','b','5381','','','5658','X31073','','5558','X41073','c','5382',''
'SSet','d','5688','','e','5384','','','5659','X31074','','5559','X41074','c','5382',''
'SSet','e','5689','','d','5383','','','5660','X31075','','5560','X41075','e','5384',''
'SSet','c','5687','','e','5384','','','5661','X31076','','5561','X41076','a','5380',''
'SSet','b','5686','','e','5384','','','5662','X31077','','5562','X41077','c','5382',''
'SSet','e','5689','','b','5381','','','5663','X31078','','5563','X41078','a','5380',''
'SSet','c','5687','','c','5382','','','5664','X31079','','5564','X41079','e','5384',''
'SSet','f','5690','','b','5381','','','5666','X31081','','5566','X41081','c','5382',''
'SSet','f','5690','','b','5381','','','5667','X31082','','5567','X41082','b','5381',''
'SSet','f','5690','','c','5382','','','5668','X31083','','5568','X41083','c','5382',''
'SSet','f','5690','','c','5382','','','5669','X31084','','5569','X41084','e','5384',''
'SSet','f','5690','','c','5382','','','5670','X31085','','5570','X41085','b','5381',''
'SSet','f','5690','','c','5382','','','5671','X31086','','5571','X41086','c','5382',''
'SSet','f','5690','','c','5382','','','5672','X31087','','5572','X41087','a','5380',''
'SSet','f','5690','','e','5384','','','5678','X31093','','5578','X41093','a','5380',''
'SSet','f','5690','','e','5384','','','5675','X31090','','5575','X41090','b','5381',''
'SSet','f','5690','','c','5382','','','5676','X31091','','5576','X41091','b','5381',''
'SSet','f','5690','','c','5382','','','5677','X31092','','5577','X41092','a','5380',''
'SSet','f','5690','','e','5384','','','5679','X31094','','5579','X41094','d','5383',''
'SSet','e','5689','','b','5381','','b','5381','','','5691','X11095','e','5384',''
'SSet','c','5687','','e','5384','','e','5384','','','5692','X11096','a','5380',''
'SSet','e','5689','','a','5380','','a','5380','','','5693','X11097','b','5381',''
'SSet','d','5688','','e','5384','','e','5384','','','5694','X11098','b','5381',''
'SSet','a','5685','','e','5384','','e','5384','','','5698','X11102','b','5381',''
'SSet','d','5688','','b','5381','','b','5381','','','5700','X11104','e','5384',''
'SSet','e','5689','','c','5382','','c','5382','','','5701','X11105','d','5383',''
'SSet','e','5689','','b','5381','','b','5381','','','5702','X11106','d','5383',''
'SSet','a','5685','','c','5382','','c','5382','','','5703','X11107','a','5380',''
'SSet','b','5686','','e','5384','','e','5384','','','5704','X11108','a','5380',''
'SSet','e','5689','','a','5380','','a','5380','','','5705','X11109','e','5384',''
'SSet','e','5689','','d','5383','','d','5383','','','5707','X11111','c','5382',''
'SSet','c','5687','','c','5382','','c','5382','','','5708','X11112','e','5384',''
'SSet','e','5689','','b','5381','','b','5381','','','5710','X11114','c','5382',''
'SSet','e','5689','','d','5383','','d','5383','','','5711','X11115','c','5382',''
'SSet','c','5687','','d','5383','','d','5383','','','5751','X11155','e','5384',''
'SSet','b','5686','','a','5380','','a','5380','','','5713','X11117','e','5384',''
'SSet','a','5685','','c','5382','','c','5382','','','5714','X11118','e','5384',''
'SSet','a','5685','','a','5380','','a','5380','','','5716','X11120','b','5381',''
'SSet','c','5687','','a','5380','','a','5380','','','5717','X11121','d','5383',''
'SSet','b','5686','','c','5382','','c','5382','','','5718','X11122','b','5381',''
'SSet','c','5687','','c','5382','','c','5382','','','5719','X11123','a','5380',''
'SSet','c','5687','','a','5380','','a','5380','','','5720','X11124','c','5382',''
'SSet','a','5685','','a','5380','','a','5380','','','5722','X11126','b','5381',''
'SSet','a','5685','','c','5382','','c','5382','','','5724','X11128','b','5381',''
'SSet','d','5688','','c','5382','','c','5382','','','5725','X11129','e','5384',''
'SSet','e','5689','','b','5381','','b','5381','','','5726','X11130','a','5380',''
'SSet','e','5689','','e','5384','','e','5384','','','5727','X11131','d','5383',''
'SSet','b','5686','','e','5384','','e','5384','','','5728','X11132','b','5381',''
'SSet','a','5685','','b','5381','','b','5381','','','5731','X11135','a','5380',''
'SSet','d','5688','','e','5384','','e','5384','','','5733','X11137','a','5380',''
'SSet','e','5689','','c','5382','','c','5382','','','5735','X11139','b','5381',''
'SSet','b','5686','','e','5384','','e','5384','','','5737','X11141','a','5380',''
'SSet','d','5688','','b','5381','','b','5381','','','5741','X11145','a','5380',''
'SSet','a','5685','','b','5381','','b','5381','','','5742','X11146','c','5382',''
'SSet','a','5685','','c','5382','','c','5382','','','5744','X11148','e','5384',''
'SSet','a','5685','','c','5382','','c','5382','','','5745','X11149','b','5381',''
'SSet','e','5689','','e','5384','','e','5384','','','5749','X11153','c','5382',''
'SSet','e','5689','','d','5383','','d','5383','','','5750','X11154','b','5381',''
'SSet','e','5689','','c','5382','','c','5382','','','5752','X11156','a','5380',''
'SSet','b','5686','','b','5381','','b','5381','','','5753','X11157','d','5383',''
'SSet','b','5686','','e','5384','','e','5384','','','5755','X11159','c','5382',''
'SSet','d','5688','','e','5384','','e','5384','','','5758','X11162','c','5382',''
'SSet','c','5687','','e','5384','','e','5384','','','5760','X11164','c','5382',''
'SSet','e','5689','','d','5383','','d','5383','','','5761','X11165','a','5380',''
'SSet','d','5688','','b','5381','','b','5381','','','5762','X11166','e','5384',''
'SSet','c','5687','','a','5380','','a','5380','','','5763','X11167','d','5383',''
'SSet','c','5687','','e','5384','','e','5384','','','5764','X11168','a','5380',''
'SSet','e','5689','','d','5383','','d','5383','','','5766','X11170','c','5382',''
'SSet','c','5687','','a','5380','','a','5380','','','5768','X11172','c','5382',''
'SSet','d','5688','','d','5383','','d','5383','','','5770','X11174','c','5382',''
'SSet','e','5689','','c','5382','','c','5382','','','5771','X11175','e','5384',''
'SSet','c','5687','','c','5382','','c','5382','','','5772','X11176','a','5380',''
'SSet','b','5686','','a','5380','','a','5380','','','5773','X11177','c','5382',''
'SSet','c','5687','','a','5380','','a','5380','','','5775','X11179','e','5384',''
'SSet','f','5690','','a','5380','','a','5380','','','5777','X11181','c','5382',''
'SSet','f','5690','','a','5380','','a','5380','','','5778','X11182','b','5381',''
'SSet','f','5690','','b','5381','','b','5381','','','5779','X11183','c','5382',''
'SSet','f','5690','','b','5381','','b','5381','','','5780','X11184','e','5384',''
'SSet','f','5690','','e','5384','','e','5384','','','5781','X11185','b','5381',''
'SSet','f','5690','','e','5384','','e','5384','','','5782','X11186','c','5382',''
'SSet','f','5690','','e','5384','','e','5384','','','5783','X11187','a','5380',''
'SSet','f','5690','','c','5382','','c','5382','','','5787','X11191','b','5381',''
'SSet','f','5690','','c','5382','','c','5382','','','5788','X11192','a','5380',''
'SSet','f','5690','','e','5384','','e','5384','','','5790','X11194','d','5383',''
'SSet','','5791','X51095','b','5381','','b','5381','','','5691','X11095','b','5381',''
'SSet','','5792','X51096','e','5384','','e','5384','','','5692','X11096','e','5384',''
'SSet','','5793','X51097','a','5380','','a','5380','','','5693','X11097','a','5380',''
'SSet','','5794','X51098','e','5384','','e','5384','','','5694','X11098','e','5384',''
'SSet','','5797','X51101','d','5383','','d','5383','','','5697','X11101','d','5383',''
'SSet','','5798','X51102','e','5384','','e','5384','','','5698','X11102','e','5384',''
'SSet','','5800','X51104','b','5381','','b','5381','','','5700','X11104','b','5381',''
'SSet','','5801','X51105','c','5382','','c','5382','','','5701','X11105','c','5382',''
'SSet','','5802','X51106','b','5381','','b','5381','','','5702','X11106','b','5381',''
'SSet','','5803','X51107','c','5382','','c','5382','','','5703','X11107','c','5382',''
'SSet','','5804','X51108','e','5384','','e','5384','','','5704','X11108','e','5384',''
'SSet','','5805','X51109','a','5380','','a','5380','','','5705','X11109','a','5380',''
'SSet','','5806','X51110','b','5381','','b','5381','','','5706','X11110','b','5381',''
'SSet','','5807','X51111','d','5383','','d','5383','','','5707','X11111','d','5383',''
'SSet','','5808','X51112','c','5382','','c','5382','','','5708','X11112','c','5382',''
'SSet','','5810','X51114','b','5381','','b','5381','','','5710','X11114','b','5381',''
'SSet','','5811','X51115','d','5383','','d','5383','','','5711','X11115','d','5383',''
'SSet','','5851','X51155','d','5383','','d','5383','','','5751','X11155','d','5383',''
'SSet','','5813','X51117','a','5380','','a','5380','','','5713','X11117','a','5380',''
'SSet','','5814','X51118','c','5382','','c','5382','','','5714','X11118','c','5382',''
'SSet','','5816','X51120','a','5380','','a','5380','','','5716','X11120','a','5380',''
'SSet','','5817','X51121','a','5380','','a','5380','','','5717','X11121','a','5380',''
'SSet','','5818','X51122','c','5382','','c','5382','','','5718','X11122','c','5382',''
'SSet','','5819','X51123','c','5382','','c','5382','','','5719','X11123','c','5382',''
'SSet','','5820','X51124','a','5380','','a','5380','','','5720','X11124','a','5380',''
'SSet','','5822','X51126','a','5380','','a','5380','','','5722','X11126','a','5380',''
'SSet','','5824','X51128','c','5382','','c','5382','','','5724','X11128','c','5382',''
'SSet','','5825','X51129','c','5382','','c','5382','','','5725','X11129','c','5382',''
'SSet','','5826','X51130','b','5381','','b','5381','','','5726','X11130','b','5381',''
'SSet','','5827','X51131','e','5384','','e','5384','','','5727','X11131','e','5384',''
'SSet','','5828','X51132','e','5384','','e','5384','','','5728','X11132','e','5384',''
'SSet','','5829','X51133','e','5384','','e','5384','','','5729','X11133','e','5384',''
'SSet','','5831','X51135','b','5381','','b','5381','','','5731','X11135','b','5381',''
'SSet','','5833','X51137','e','5384','','e','5384','','','5733','X11137','e','5384',''
'SSet','','5834','X51138','c','5382','','c','5382','','','5734','X11138','c','5382',''
'SSet','','5835','X51139','c','5382','','c','5382','','','5735','X11139','c','5382',''
'SSet','','5837','X51141','e','5384','','e','5384','','','5737','X11141','e','5384',''
'SSet','','5839','X51143','a','5380','','a','5380','','','5739','X11143','a','5380',''
'SSet','','5841','X51145','b','5381','','b','5381','','','5741','X11145','b','5381',''
'SSet','','5842','X51146','b','5381','','b','5381','','','5742','X11146','b','5381',''
'SSet','','5844','X51148','c','5382','','c','5382','','','5744','X11148','c','5382',''
'SSet','','5845','X51149','c','5382','','c','5382','','','5745','X11149','c','5382',''
'SSet','','5846','X51150','d','5383','','d','5383','','','5746','X11150','d','5383',''
'SSet','','5849','X51153','e','5384','','e','5384','','','5749','X11153','e','5384',''
'SSet','','5850','X51154','d','5383','','d','5383','','','5750','X11154','d','5383',''
'SSet','','5852','X51156','c','5382','','c','5382','','','5752','X11156','c','5382',''
'SSet','','5853','X51157','b','5381','','b','5381','','','5753','X11157','b','5381',''
'SSet','','5855','X51159','e','5384','','e','5384','','','5755','X11159','e','5384',''
'SSet','','5858','X51162','e','5384','','e','5384','','','5758','X11162','e','5384',''
'SSet','','5859','X51163','d','5383','','d','5383','','','5759','X11163','d','5383',''
'SSet','','5860','X51164','e','5384','','e','5384','','','5760','X11164','e','5384',''
'SSet','','5861','X51165','d','5383','','d','5383','','','5761','X11165','d','5383',''
'SSet','','5862','X51166','b','5381','','b','5381','','','5762','X11166','b','5381',''
'SSet','','5863','X51167','a','5380','','a','5380','','','5763','X11167','a','5380',''
'SSet','','5864','X51168','e','5384','','e','5384','','','5764','X11168','e','5384',''
'SSet','','5866','X51170','d','5383','','d','5383','','','5766','X11170','d','5383',''
'SSet','','5868','X51172','a','5380','','a','5380','','','5768','X11172','a','5380',''
'SSet','','5870','X51174','d','5383','','d','5383','','','5770','X11174','d','5383',''
'SSet','','5871','X51175','c','5382','','c','5382','','','5771','X11175','c','5382',''
'SSet','','5872','X51176','c','5382','','c','5382','','','5772','X11176','c','5382',''
'SSet','','5873','X51177','a','5380','','a','5380','','','5773','X11177','a','5380',''
'SSet','','5874','X51178','e','5384','','e','5384','','','5774','X11178','e','5384',''
'SSet','','5875','X51179','a','5380','','a','5380','','','5775','X11179','a','5380',''
'SSet','','5877','X51181','a','5380','','a','5380','','','5777','X11181','a','5380',''
'SSet','','5878','X51182','a','5380','','a','5380','','','5778','X11182','a','5380',''
'SSet','','5879','X51183','b','5381','','b','5381','','','5779','X11183','b','5381',''
'SSet','','5880','X51184','b','5381','','b','5381','','','5780','X11184','b','5381',''
'SSet','','5881','X51185','e','5384','','e','5384','','','5781','X11185','e','5384',''
'SSet','','5882','X51186','e','5384','','e','5384','','','5782','X11186','e','5384',''
'SSet','','5883','X51187','e','5384','','e','5384','','','5783','X11187','e','5384',''
'SSet','','5887','X51191','c','5382','','c','5382','','','5787','X11191','c','5382',''
'SSet','','5888','X51192','c','5382','','c','5382','','','5788','X11192','c','5382',''
'SSet','','5890','X51194','e','5384','','e','5384','','','5790','X11194','e','5384',''
'SSet','','5791','X51095','e','5384','','','6091','X21095','','5891','X31095','','5991','X41095'
'SSet','','5792','X51096','d','5383','','','6092','X21096','','5892','X31096','','5992','X41096'
'SSet','','5793','X51097','d','5383','','','6093','X21097','','5893','X31097','','5993','X41097'
'SSet','','5794','X51098','a','5380','','','6094','X21098','','5894','X31098','','5994','X41098'
'SSet','a','5685','','d','5383','','d','5383','','','5697','X11101','a','5380',''
'SSet','','5797','X51101','e','5384','','','6097','X21101','','5897','X31101','','5997','X41101'
'SSet','','5798','X51102','a','5380','','','6098','X21102','','5898','X31102','','5998','X41102'
'SSet','','5800','X51104','e','5384','','','6100','X21104','','5900','X31104','','6000','X41104'
'SSet','','5801','X51105','e','5384','','','6101','X21105','','5901','X31105','','6001','X41105'
'SSet','','5802','X51106','d','5383','','','6102','X21106','','5902','X31106','','6002','X41106'
'SSet','','5804','X51108','a','5380','','','6104','X21108','','5904','X31108','','6004','X41108'
'SSet','','5805','X51109','d','5383','','','6105','X21109','','5905','X31109','','6005','X41109'
'SSet','','5806','X51110','e','5384','','','6106','X21110','','5906','X31110','','6006','X41110'
'SSet','','5807','X51111','b','5381','','','6107','X21111','','5907','X31111','','6007','X41111'
'SSet','','5808','X51112','d','5383','','','6108','X21112','','5908','X31112','','6008','X41112'
'SSet','b','5686','','d','5383','','d','5383','','','5746','X11150','a','5380',''
'SSet','','5810','X51114','e','5384','','','6110','X21114','','5910','X31114','','6010','X41114'
'SSet','','5811','X51115','e','5384','','','6111','X21115','','5911','X31115','','6011','X41115'
'SSet','','5813','X51117','e','5384','','','6113','X21117','','5913','X31117','','6013','X41117'
'SSet','','5814','X51118','e','5384','','','6114','X21118','','5914','X31118','','6014','X41118'
'SSet','','5816','X51120','e','5384','','','6116','X21120','','5916','X31120','','6016','X41120'
'SSet','','5817','X51121','b','5381','','','6117','X21121','','5917','X31121','','6017','X41121'
'SSet','','5819','X51123','b','5381','','','6119','X21123','','5919','X31123','','6019','X41123'
'SSet','','5820','X51124','e','5384','','','6120','X21124','','5920','X31124','','6020','X41124'
'SSet','','5822','X51126','c','5382','','','6122','X21126','','5922','X31126','','6022','X41126'
'SSet','','5824','X51128','a','5380','','','6124','X21128','','5924','X31128','','6024','X41128'
'SSet','','5825','X51129','b','5381','','','6125','X21129','','5925','X31129','','6025','X41129'
'SSet','','5826','X51130','d','5383','','','6126','X21130','','5926','X31130','','6026','X41130'
'SSet','','5827','X51131','d','5383','','','6127','X21131','','5927','X31131','','6027','X41131'
'SSet','','5828','X51132','a','5380','','','6128','X21132','','5928','X31132','','6028','X41132'
'SSet','','5831','X51135','e','5384','','','6131','X21135','','5931','X31135','','6031','X41135'
'SSet','','5833','X51137','a','5380','','','6133','X21137','','5933','X31137','','6033','X41137'
'SSet','','5834','X51138','e','5384','','','6134','X21138','','5934','X31138','','6034','X41138'
'SSet','','5835','X51139','b','5381','','','6135','X21139','','5935','X31139','','6035','X41139'
'SSet','','5837','X51141','d','5383','','','6137','X21141','','5937','X31141','','6037','X41141'
'SSet','','5839','X51143','c','5382','','','6139','X21143','','5939','X31143','','6039','X41143'
'SSet','','5842','X51146','d','5383','','','6142','X21146','','5942','X31146','','6042','X41146'
'SSet','','5844','X51148','d','5383','','','6144','X21148','','5944','X31148','','6044','X41148'
'SSet','','5845','X51149','b','5381','','','6145','X21149','','5945','X31149','','6045','X41149'
'SSet','','5846','X51150','e','5384','','','6146','X21150','','5946','X31150','','6046','X41150'
'SSet','','5849','X51153','a','5380','','','6149','X21153','','5949','X31153','','6049','X41153'
'SSet','','5850','X51154','a','5380','','','6150','X21154','','5950','X31154','','6050','X41154'
'SSet','','5851','X51155','b','5381','','','6151','X21155','','5951','X31155','','6051','X41155'
'SSet','','5853','X51157','e','5384','','','6153','X21157','','5953','X31157','','6053','X41157'
'SSet','','5855','X51159','a','5380','','','6155','X21159','','5955','X31159','','6055','X41159'
'SSet','','5858','X51162','b','5381','','','6158','X21162','','5958','X31162','','6058','X41162'
'SSet','','5859','X51163','e','5384','','','6159','X21163','','5959','X31163','','6059','X41163'
'SSet','','5860','X51164','a','5380','','','6160','X21164','','5960','X31164','','6060','X41164'
'SSet','','5862','X51166','d','5383','','','6162','X21166','','5962','X31166','','6062','X41166'
'SSet','','5863','X51167','e','5384','','','6163','X21167','','5963','X31167','','6063','X41167'
'SSet','','5864','X51168','c','5382','','','6164','X21168','','5964','X31168','','6064','X41168'
'SSet','','5866','X51170','c','5382','','','6166','X21170','','5966','X31170','','6066','X41170'
'SSet','','5868','X51172','c','5382','','','6168','X21172','','5968','X31172','','6068','X41172'
'SSet','','5870','X51174','e','5384','','','6170','X21174','','5970','X31174','','6070','X41174'
'SSet','','5871','X51175','d','5383','','','6171','X21175','','5971','X31175','','6071','X41175'
'SSet','','5872','X51176','e','5384','','','6172','X21176','','5972','X31176','','6072','X41176'
'SSet','','5873','X51177','e','5384','','','6173','X21177','','5973','X31177','','6073','X41177'
'SSet','','5874','X51178','b','5381','','','6174','X21178','','5974','X31178','','6074','X41178'
'SSet','','5875','X51179','c','5382','','','6175','X21179','','5975','X31179','','6075','X41179'
'SSet','','5877','X51181','b','5381','','','6177','X21181','','5977','X31181','','6077','X41181'
'SSet','','5878','X51182','b','5381','','','6178','X21182','','5978','X31182','','6078','X41182'
'SSet','','5879','X51183','c','5382','','','6179','X21183','','5979','X31183','','6079','X41183'
'SSet','','5880','X51184','c','5382','','','6180','X21184','','5980','X31184','','6080','X41184'
'SSet','','5881','X51185','c','5382','','','6181','X21185','','5981','X31185','','6081','X41185'
'SSet','','5882','X51186','c','5382','','','6182','X21186','','5982','X31186','','6082','X41186'
'SSet','','5883','X51187','c','5382','','','6183','X21187','','5983','X31187','','6083','X41187'
