'SSet','','1763','X5329','a','1783','','','1787','X1329','','1773','X2329','d','1786',''
'SSet','','1764','X5330','b','1784','','','1788','X1330','','1774','X2330','c','1785',''
'SSet','d','1820','','d','1786','','d','1786','','','1823','X1341','d','1786',''
'SSet','','1766','X5332','d','1786','','','1810','X3332','','1800','X4332','b','1784',''
'SSet','','1767','X5333','d','1786','','','1811','X3333','','1801','X4333','b','1784',''
'SSet','a','1817','','a','1783','','a','1783','','','1826','X1344','a','1783',''
'SSet','b','1818','','b','1784','','b','1784','','','1827','X1345','b','1784',''
'SSet','c','1819','','c','1785','','c','1785','','','1828','X1346','c','1785',''
'SSet','','1772','X5338','b','1784','','','1796','X1338','','1782','X2338','a','1783',''
'SSet','','1763','X5329','c','1785','','','1807','X3329','','1797','X4329','d','1786',''
'SSet','','1764','X5330','d','1786','','','1808','X3330','','1798','X4330','c','1785',''
'SSet','d','1820','','c','1785','','','1809','X3331','','1799','X4331','d','1786',''
'SSet','','1772','X5338','c','1785','','','1816','X3338','','1806','X4338','a','1783',''
'SSet','a','1817','','c','1785','','','1807','X3329','','1797','X4329','a','1783',''
'SSet','c','1819','','d','1786','','','1808','X3330','','1798','X4330','b','1784',''
'SSet','a','1817','','d','1786','','','1810','X3332','','1800','X4332','d','1786',''
'SSet','b','1818','','d','1786','','','1811','X3333','','1801','X4333','d','1786',''
'SSet','d','1820','','c','1785','','','1816','X3338','','1806','X4338','b','1784',''
'SSet','a','1817','','d','1786','','d','1786','','','1821','X1339','a','1783',''
'SSet','c','1819','','c','1785','','c','1785','','','1822','X1340','b','1784',''
'SSet','a','1817','','b','1784','','b','1784','','','1824','X1342','d','1786',''
'SSet','b','1818','','b','1784','','b','1784','','','1825','X1343','d','1786',''
'SSet','d','1820','','a','1783','','a','1783','','','1830','X1348','b','1784',''
'SSet','','1831','X5339','d','1786','','d','1786','','','1821','X1339','d','1786',''
'SSet','','1832','X5340','c','1785','','c','1785','','','1822','X1340','c','1785',''
'SSet','','1834','X5342','b','1784','','b','1784','','','1824','X1342','b','1784',''
'SSet','','1835','X5343','b','1784','','b','1784','','','1825','X1343','b','1784',''
'SSet','','1840','X5348','a','1783','','a','1783','','','1830','X1348','a','1783',''
'SSet','','1831','X5339','c','1785','','','1861','X2339','','1841','X3339','','1851','X4339'
'SSet','','1832','X5340','d','1786','','','1862','X2340','','1842','X3340','','1852','X4340'
'SSet','','1834','X5342','d','1786','','','1864','X2342','','1844','X3342','','1854','X4342'
'SSet','','1835','X5343','d','1786','','','1865','X2343','','1845','X3343','','1855','X4343'
'SSet','','1840','X5348','c','1785','','','1870','X2348','','1850','X3348','','1860','X4348'
