'SSet','','194','N1019','c','213','','','218','X1219','','238','X1319'
'SSet','','195','N1020','a','211','','','219','X1220','','239','X1320'
'SSet','','196','N1021','d','214','','','220','X1221','','240','X1321'
'SSet','','197','N1022','c','213','','','221','X1222','','241','X1322'
'SSet','','199','N1024','b','212','','','223','X1224','','243','X1324'
'SSet','','200','N1025','b','212','','','224','X1225','','244','X1325'
'SSet','','205','N1030','a','211','','','229','X1230','','249','X1330'
'SSet','','206','N1031','d','214','','','230','X1231','','250','X1331'
'SSet','','207','N1032','a','211','','','231','X1232','','251','X1332'
'SSet','','191','N1016','c','213','','c','257','','','259','N1116'
'SSet','','192','N1017','b','212','','d','258','','','260','N1117'
'SSet','','194','N1019','d','214','','a','255','','','262','N1119'
'SSet','','195','N1020','d','214','','a','255','','','263','N1120'
'SSet','','196','N1021','a','211','','c','257','','','264','N1121'
'SSet','','197','N1022','b','212','','d','258','','','265','N1122'
'SSet','','199','N1024','d','214','','d','258','','','267','N1124'
'SSet','','200','N1025','d','214','','d','258','','','268','N1125'
'SSet','','205','N1030','b','212','','c','257','','','273','N1130'
'SSet','','206','N1031','c','213','','b','256','','','274','N1131'
'SSet','','207','N1032','b','212','','a','255','','','275','N1132'
'SSet','','209','N1034','a','211','','b','256','','','277','N1134'
'SSet','','210','N1035','c','213','','d','258','','','278','N1135'
'SSet','','279','X1416','d','214','','','299','X1516','','259','N1116'
'SSet','','280','X1417','a','211','','','300','X1517','','260','N1117'
'SSet','','282','X1419','b','212','','','302','X1519','','262','N1119'
'SSet','','285','X1422','c','213','','','305','X1522','','265','N1122'
'SSet','','287','X1424','a','211','','','307','X1524','','267','N1124'
'SSet','','288','X1425','b','212','','','308','X1525','','268','N1125'
'SSet','','293','X1430','d','214','','','313','X1530','','273','N1130'
'SSet','','294','X1431','a','211','','','314','X1531','','274','N1131'
'SSet','','297','X1434','b','212','','','317','X1534','','277','N1134'
'SSet','','298','X1435','d','214','','','318','X1535','','278','N1135'
'SSet','','319','N2015','c','213','','c','257','','','333','X2115'
'SSet','','320','N2016','b','212','','b','256','','','334','X2116'
'SSet','','321','N2017','c','213','','b','256','','','335','X2117'
'SSet','','323','N2019','a','211','','d','258','','','337','X2119'
'SSet','','324','N2020','d','214','','a','255','','','338','X2120'
'SSet','','325','N2021','c','213','','b','256','','','339','X2121'
'SSet','','326','N2022','d','214','','d','258','','','340','X2122'
'SSet','','327','N2023','b','212','','d','258','','','341','X2123'
'SSet','','328','N2024','b','212','','d','258','','','342','X2124'
'SSet','','329','N2025','a','211','','b','256','','','343','X2125'
'SSet','','330','N2026','d','214','','c','257','','','344','X2126'
'SSet','','331','N2027','a','211','','a','255','','','345','X2127'
'SSet','','332','N2028','c','213','','c','257','','','346','X2128'
'SSet','','319','N2015','c','213','','d','258','','','347','N2115'
'SSet','','320','N2016','d','214','','a','255','','','348','N2116'
'SSet','','321','N2017','d','214','','b','256','','','349','N2117'
'SSet','','324','N2020','c','213','','a','255','','','352','N2120'
'SSet','','325','N2021','d','214','','c','257','','','353','N2121'
'SSet','','326','N2022','c','213','','d','258','','','354','N2122'
'SSet','','327','N2023','d','214','','a','255','','','355','N2123'
'SSet','','328','N2024','d','214','','b','256','','','356','N2124'
'SSet','','329','N2025','c','213','','d','258','','','357','N2125'
'SSet','','330','N2026','b','212','','a','255','','','358','N2126'
'SSet','','331','N2027','b','212','','b','256','','','359','N2127'
'SSet','','332','N2028','d','214','','d','258','','','360','N2128'
