'SSet','','5339','N10443','b','5390','','','5397','X12443','','5447','X13443'
'SSet','','5341','N10445','f','5394','','','5399','X12445','','5449','X13445'
'SSet','','5343','N10447','c','5391','','','5401','X12447','','5451','X13447'
'SSet','','5345','N10449','f','5394','','','5403','X12449','','5453','X13449'
'SSet','','5347','N10451','a','5389','','','5405','X12451','','5455','X13451'
'SSet','','5348','N10452','f','5394','','','5406','X12452','','5456','X13452'
'SSet','','5350','N10454','b','5390','','','5408','X12454','','5458','X13454'
'SSet','','5351','N10455','b','5390','','','5409','X12455','','5459','X13455'
'SSet','','5354','N10458','c','5391','','','5412','X12458','','5462','X13458'
'SSet','','5355','N10459','c','5391','','','5413','X12459','','5463','X13459'
'SSet','','5356','N10460','d','5392','','','5414','X12460','','5464','X13460'
'SSet','','5357','N10461','g','5395','','','5415','X12461','','5465','X13461'
'SSet','','5359','N10463','f','5394','','','5417','X12463','','5467','X13463'
'SSet','','5360','N10464','d','5392','','','5418','X12464','','5468','X13464'
'SSet','','5361','N10465','d','5392','','','5419','X12465','','5469','X13465'
'SSet','','5362','N10466','c','5391','','','5420','X12466','','5470','X13466'
'SSet','','5363','N10467','b','5390','','','5421','X12467','','5471','X13467'
'SSet','','5364','N10468','e','5393','','','5422','X12468','','5472','X13468'
'SSet','','5365','N10469','e','5393','','','5423','X12469','','5473','X13469'
'SSet','','5368','N10472','a','5389','','','5426','X12472','','5476','X13472'
'SSet','','5369','N10473','f','5394','','','5427','X12473','','5477','X13473'
'SSet','','5371','N10475','e','5393','','','5429','X12475','','5479','X13475'
'SSet','','5372','N10476','d','5392','','','5430','X12476','','5480','X13476'
'SSet','','5373','N10477','b','5390','','','5431','X12477','','5481','X13477'
'SSet','','5374','N10478','h','5396','','','5432','X12478','','5482','X13478'
'SSet','','5375','N10479','e','5393','','','5433','X12479','','5483','X13479'
'SSet','','5376','N10480','a','5389','','','5434','X12480','','5484','X13480'
'SSet','','5377','N10481','d','5392','','','5435','X12481','','5485','X13481'
'SSet','','5380','N10484','b','5390','','','5438','X12484','','5488','X13484'
'SSet','','5381','N10485','d','5392','','','5439','X12485','','5489','X13485'
'SSet','','5382','N10486','e','5393','','','5440','X12486','','5490','X13486'
'SSet','','5384','N10488','c','5391','','','5442','X12488','','5492','X13488'
'SSet','','5385','N10489','a','5389','','','5443','X12489','','5493','X13489'
'SSet','','5386','N10490','f','5394','','','5444','X12490','','5494','X13490'
'SSet','','5387','N10491','b','5390','','','5445','X12491','','5495','X13491'
'SSet','','5388','N10492','h','5396','','','5446','X12492','','5496','X13492'
'SSet','','5339','N10443','a','5389','','f','5502','','','5505','N11443'
'SSet','','5340','N10444','h','5396','','h','5504','','','5506','N11444'
'SSet','','5341','N10445','a','5389','','a','5497','','','5507','N11445'
'SSet','','5343','N10447','b','5390','','b','5498','','','5509','N11447'
'SSet','','5345','N10449','h','5396','','d','5500','','','5511','N11449'
'SSet','','5346','N10450','f','5394','','d','5500','','','5512','N11450'
'SSet','','5347','N10451','e','5393','','g','5503','','','5513','N11451'
'SSet','','5348','N10452','h','5396','','f','5502','','','5514','N11452'
'SSet','','5349','N10453','d','5392','','d','5500','','','5515','N11453'
'SSet','','5350','N10454','h','5396','','b','5498','','','5516','N11454'
'SSet','','5351','N10455','c','5391','','d','5500','','','5517','N11455'
'SSet','','5352','N10456','c','5391','','e','5501','','','5518','N11456'
'SSet','','5353','N10457','e','5393','','f','5502','','','5519','N11457'
'SSet','','5354','N10458','e','5393','','d','5500','','','5520','N11458'
'SSet','','5355','N10459','b','5390','','b','5498','','','5521','N11459'
'SSet','','5356','N10460','a','5389','','f','5502','','','5522','N11460'
'SSet','','5357','N10461','f','5394','','c','5499','','','5523','N11461'
'SSet','','5358','N10462','h','5396','','f','5502','','','5524','N11462'
'SSet','','5359','N10463','c','5391','','a','5497','','','5525','N11463'
'SSet','','5360','N10464','b','5390','','a','5497','','','5526','N11464'
'SSet','','5361','N10465','e','5393','','b','5498','','','5527','N11465'
'SSet','','5362','N10466','b','5390','','c','5499','','','5528','N11466'
'SSet','','5363','N10467','d','5392','','f','5502','','','5529','N11467'
'SSet','','5364','N10468','c','5391','','e','5501','','','5530','N11468'
'SSet','','5365','N10469','g','5395','','h','5504','','','5531','N11469'
'SSet','','5366','N10470','a','5389','','e','5501','','','5532','N11470'
'SSet','','5367','N10471','c','5391','','e','5501','','','5533','N11471'
'SSet','','5368','N10472','g','5395','','f','5502','','','5534','N11472'
'SSet','','5369','N10473','g','5395','','b','5498','','','5535','N11473'
'SSet','','5371','N10475','g','5395','','a','5497','','','5537','N11475'
'SSet','','5372','N10476','h','5396','','d','5500','','','5538','N11476'
'SSet','','5373','N10477','f','5394','','d','5500','','','5539','N11477'
'SSet','','5374','N10478','d','5392','','f','5502','','','5540','N11478'
'SSet','','5375','N10479','a','5389','','c','5499','','','5541','N11479'
'SSet','','5376','N10480','c','5391','','h','5504','','','5542','N11480'
'SSet','','5377','N10481','c','5391','','g','5503','','','5543','N11481'
'SSet','','5380','N10484','c','5391','','b','5498','','','5546','N11484'
'SSet','','5381','N10485','c','5391','','f','5502','','','5547','N11485'
'SSet','','5382','N10486','d','5392','','e','5501','','','5548','N11486'
'SSet','','5384','N10488','h','5396','','e','5501','','','5550','N11488'
'SSet','','5385','N10489','c','5391','','e','5501','','','5551','N11489'
'SSet','','5386','N10490','h','5396','','b','5498','','','5552','N11490'
'SSet','','5387','N10491','e','5393','','c','5499','','','5553','N11491'
'SSet','','5388','N10492','e','5393','','c','5499','','','5554','N11492'
'SSet','','5556','X14444','a','5389','','','5606','X15444','','5506','N11444'
'SSet','','5557','X14445','d','5392','','','5607','X15445','','5507','N11445'
'SSet','','5559','X14447','e','5393','','','5609','X15447','','5509','N11447'
'SSet','','5561','X14449','b','5390','','','5611','X15449','','5511','N11449'
'SSet','','5562','X14450','e','5393','','','5612','X15450','','5512','N11450'
'SSet','','5563','X14451','g','5395','','','5613','X15451','','5513','N11451'
'SSet','','5564','X14452','g','5395','','','5614','X15452','','5514','N11452'
'SSet','','5565','X14453','g','5395','','','5615','X15453','','5515','N11453'
'SSet','','5566','X14454','d','5392','','','5616','X15454','','5516','N11454'
'SSet','','5567','X14455','h','5396','','','5617','X15455','','5517','N11455'
'SSet','','5568','X14456','d','5392','','','5618','X15456','','5518','N11456'
'SSet','','5569','X14457','b','5390','','','5619','X15457','','5519','N11457'
'SSet','','5570','X14458','a','5389','','','5620','X15458','','5520','N11458'
'SSet','','5571','X14459','a','5389','','','5621','X15459','','5521','N11459'
'SSet','','5572','X14460','b','5390','','','5622','X15460','','5522','N11460'
'SSet','','5574','X14462','a','5389','','','5624','X15462','','5524','N11462'
'SSet','','5575','X14463','e','5393','','','5625','X15463','','5525','N11463'
'SSet','','5576','X14464','e','5393','','','5626','X15464','','5526','N11464'
'SSet','','5577','X14465','g','5395','','','5627','X15465','','5527','N11465'
'SSet','','5579','X14467','b','5390','','','5629','X15467','','5529','N11467'
'SSet','','5580','X14468','e','5393','','','5630','X15468','','5530','N11468'
'SSet','','5581','X14469','b','5390','','','5631','X15469','','5531','N11469'
'SSet','','5582','X14470','f','5394','','','5632','X15470','','5532','N11470'
'SSet','','5583','X14471','a','5389','','','5633','X15471','','5533','N11471'
'SSet','','5584','X14472','f','5394','','','5634','X15472','','5534','N11472'
'SSet','','5585','X14473','d','5392','','','5635','X15473','','5535','N11473'
'SSet','','5587','X14475','c','5391','','','5637','X15475','','5537','N11475'
'SSet','','5588','X14476','e','5393','','','5638','X15476','','5538','N11476'
'SSet','','5589','X14477','d','5392','','','5639','X15477','','5539','N11477'
'SSet','','5590','X14478','g','5395','','','5640','X15478','','5540','N11478'
'SSet','','5591','X14479','c','5391','','','5641','X15479','','5541','N11479'
'SSet','','5592','X14480','g','5395','','','5642','X15480','','5542','N11480'
'SSet','','5593','X14481','f','5394','','','5643','X15481','','5543','N11481'
'SSet','','5596','X14484','a','5389','','','5646','X15484','','5546','N11484'
'SSet','','5597','X14485','d','5392','','','5647','X15485','','5547','N11485'
'SSet','','5598','X14486','a','5389','','','5648','X15486','','5548','N11486'
'SSet','','5600','X14488','g','5395','','','5650','X15488','','5550','N11488'
'SSet','','5601','X14489','b','5390','','','5651','X15489','','5551','N11489'
'SSet','','5602','X14490','f','5394','','','5652','X15490','','5552','N11490'
'SSet','','5603','X14491','b','5390','','','5653','X15491','','5553','N11491'
'SSet','','5604','X14492','c','5391','','','5654','X15492','','5554','N11492'
'SSet','','5655','N20427','b','5390','','a','5497','','','5704','X21427'
'SSet','','5656','N20428','h','5396','','h','5504','','','5705','X21428'
'SSet','','5657','N20429','f','5394','','a','5497','','','5706','X21429'
'SSet','','5658','N20430','c','5391','','e','5501','','','5707','X21430'
'SSet','','5660','N20432','c','5391','','c','5499','','','5709','X21432'
'SSet','','5661','N20433','f','5394','','h','5504','','','5710','X21433'
'SSet','','5662','N20434','f','5394','','f','5502','','','5711','X21434'
'SSet','','5663','N20435','a','5389','','e','5501','','','5712','X21435'
'SSet','','5664','N20436','f','5394','','h','5504','','','5713','X21436'
'SSet','','5665','N20437','d','5392','','d','5500','','','5714','X21437'
'SSet','','5666','N20438','b','5390','','h','5504','','','5715','X21438'
'SSet','','5667','N20439','b','5390','','c','5499','','','5716','X21439'
'SSet','','5668','N20440','c','5391','','c','5499','','','5717','X21440'
'SSet','','5669','N20441','e','5393','','e','5501','','','5718','X21441'
'SSet','','5670','N20442','c','5391','','e','5501','','','5719','X21442'
'SSet','','5671','N20443','c','5391','','b','5498','','','5720','X21443'
'SSet','','5672','N20444','d','5392','','a','5497','','','5721','X21444'
'SSet','','5673','N20445','g','5395','','f','5502','','','5722','X21445'
'SSet','','5674','N20446','h','5396','','h','5504','','','5723','X21446'
'SSet','','5675','N20447','f','5394','','c','5499','','','5724','X21447'
'SSet','','5676','N20448','d','5392','','b','5498','','','5725','X21448'
'SSet','','5677','N20449','d','5392','','e','5501','','','5726','X21449'
'SSet','','5678','N20450','b','5390','','d','5500','','','5727','X21450'
'SSet','','5679','N20451','e','5393','','c','5499','','','5728','X21451'
'SSet','','5680','N20452','e','5393','','g','5503','','','5729','X21452'
'SSet','','5681','N20453','a','5389','','a','5497','','','5730','X21453'
'SSet','','5683','N20455','a','5389','','g','5503','','','5732','X21455'
'SSet','','5684','N20456','f','5394','','g','5503','','','5733','X21456'
'SSet','','5685','N20457','d','5392','','f','5502','','','5734','X21457'
'SSet','','5686','N20458','e','5393','','g','5503','','','5735','X21458'
'SSet','','5687','N20459','d','5392','','h','5504','','','5736','X21459'
'SSet','','5688','N20460','b','5390','','f','5502','','','5737','X21460'
'SSet','','5689','N20461','h','5396','','d','5500','','','5738','X21461'
'SSet','','5690','N20462','e','5393','','a','5497','','','5739','X21462'
'SSet','','5691','N20463','a','5389','','c','5499','','','5740','X21463'
'SSet','','5692','N20464','d','5392','','c','5499','','','5741','X21464'
'SSet','','5693','N20465','a','5389','','a','5497','','','5742','X21465'
'SSet','','5694','N20466','a','5389','','c','5499','','','5743','X21466'
'SSet','','5695','N20467','b','5390','','c','5499','','','5744','X21467'
'SSet','','5696','N20468','d','5392','','c','5499','','','5745','X21468'
'SSet','','5697','N20469','e','5393','','d','5500','','','5746','X21469'
'SSet','','5698','N20470','c','5391','','e','5501','','','5747','X21470'
'SSet','','5699','N20471','c','5391','','h','5504','','','5748','X21471'
'SSet','','5700','N20472','a','5389','','c','5499','','','5749','X21472'
'SSet','','5701','N20473','f','5394','','h','5504','','','5750','X21473'
'SSet','','5702','N20474','b','5390','','e','5501','','','5751','X21474'
'SSet','','5703','N20475','h','5396','','e','5501','','','5752','X21475'
'SSet','','5655','N20427','f','5394','','a','5497','','','5753','N21427'
'SSet','','5656','N20428','h','5396','','a','5497','','','5754','N21428'
'SSet','','5657','N20429','a','5389','','d','5500','','','5755','N21429'
'SSet','','5658','N20430','e','5393','','e','5501','','','5756','N21430'
'SSet','','5660','N20432','d','5392','','c','5499','','','5758','N21432'
'SSet','','5661','N20433','d','5392','','b','5498','','','5759','N21433'
'SSet','','5662','N20434','d','5392','','e','5501','','','5760','N21434'
'SSet','','5663','N20435','g','5395','','g','5503','','','5761','N21435'
'SSet','','5664','N20436','f','5394','','g','5503','','','5762','N21436'
'SSet','','5665','N20437','d','5392','','g','5503','','','5763','N21437'
'SSet','','5666','N20438','b','5390','','d','5500','','','5764','N21438'
'SSet','','5667','N20439','d','5392','','h','5504','','','5765','N21439'
'SSet','','5668','N20440','e','5393','','d','5500','','','5766','N21440'
'SSet','','5669','N20441','f','5394','','b','5498','','','5767','N21441'
'SSet','','5670','N20442','d','5392','','a','5497','','','5768','N21442'
'SSet','','5671','N20443','b','5390','','a','5497','','','5769','N21443'
'SSet','','5672','N20444','f','5394','','b','5498','','','5770','N21444'
'SSet','','5673','N20445','c','5391','','f','5502','','','5771','N21445'
'SSet','','5674','N20446','f','5394','','a','5497','','','5772','N21446'
'SSet','','5675','N20447','a','5389','','e','5501','','','5773','N21447'
'SSet','','5676','N20448','a','5389','','e','5501','','','5774','N21448'
'SSet','','5677','N20449','b','5390','','g','5503','','','5775','N21449'
'SSet','','5678','N20450','f','5394','','b','5498','','','5776','N21450'
'SSet','','5679','N20451','e','5393','','e','5501','','','5777','N21451'
'SSet','','5680','N20452','h','5396','','b','5498','','','5778','N21452'
'SSet','','5681','N20453','e','5393','','f','5502','','','5779','N21453'
'SSet','','5683','N20455','f','5394','','f','5502','','','5781','N21455'
'SSet','','5684','N20456','b','5390','','d','5500','','','5782','N21456'
'SSet','','5685','N20457','f','5394','','f','5502','','','5783','N21457'
'SSet','','5686','N20458','a','5389','','c','5499','','','5784','N21458'
'SSet','','5687','N20459','d','5392','','e','5501','','','5785','N21459'
'SSet','','5688','N20460','d','5392','','d','5500','','','5786','N21460'
'SSet','','5689','N20461','f','5394','','g','5503','','','5787','N21461'
'SSet','','5690','N20462','c','5391','','c','5499','','','5788','N21462'
'SSet','','5691','N20463','h','5396','','g','5503','','','5789','N21463'
'SSet','','5692','N20464','g','5395','','f','5502','','','5790','N21464'
'SSet','','5693','N20465','a','5389','','d','5500','','','5791','N21465'
'SSet','','5694','N20466','c','5391','','c','5499','','','5792','N21466'
'SSet','','5695','N20467','b','5390','','a','5497','','','5793','N21467'
'SSet','','5696','N20468','f','5394','','d','5500','','','5794','N21468'
'SSet','','5697','N20469','e','5393','','a','5497','','','5795','N21469'
'SSet','','5698','N20470','d','5392','','e','5501','','','5796','N21470'
'SSet','','5699','N20471','e','5393','','g','5503','','','5797','N21471'
'SSet','','5700','N20472','e','5393','','b','5498','','','5798','N21472'
'SSet','','5701','N20473','b','5390','','f','5502','','','5799','N21473'
'SSet','','5702','N20474','c','5391','','b','5498','','','5800','N21474'
'SSet','','5703','N20475','c','5391','','c','5499','','','5801','N21475'
